patch_ID,corn,soy,mis,swi,sorghum,cane,fallow,CRP
1,28.00563962,16.01216408,5.495119838,5.495119838,5.495119838,5.495119838,6.872387343,6.872387343
2,20.13140709,11.61,2.361407094,2.361407094,2.361407094,2.361407094,5.355778718,5.355778718
3,21.65,13.27,2.95,2.95,2.95,2.95,5.88,5.88
4,26.19,14.52,4.45,4.45,4.45,4.45,5.88,5.88
5,20.5,10.63,3.73,3.73,3.73,3.73,5.25,5.25
6,14.72,8.5,4.22,4.22,4.22,4.22,6.11,6.11
7,32.89567513,16.1572995,4.97,4.97,4.97,4.97,6.515401002,6.515401002
8,32.05167947,16.67331773,5.146584977,5.146584977,5.146584977,5.146584977,6.267056156,6.267056156
9,14.41671868,8.59173763,4.557924849,4.557924849,4.557924849,4.557924849,6.431778843,6.431778843
10,35.6365742,21.77459383,7.282000629,7.282000629,7.282000629,7.282000629,6.599663184,6.599663184
11,29.34656095,16.08948646,4.886816771,4.886816771,4.886816771,4.886816771,6.330004342,6.330004342
12,40.51,18,6.85,6.85,6.85,6.85,6.91,6.91
13,23.0876078,13.22608611,3.074294632,3.074294632,3.074294632,3.074294632,6.113374308,6.113374308
14,22.18,12.25,3.1,3.1,3.1,3.1,6.16,6.16
15,20.93,12.23,2.92,2.92,2.92,2.92,5.83,5.83
16,40.63003208,18.00996792,6.969550929,6.969550929,6.969550929,6.969550929,6.840256612,6.840256612
17,12.59,7.36,4.2,4.2,4.2,4.2,6.13,6.13
18,30.90897437,15.86066195,4.897319488,4.897319488,4.897319488,4.897319488,6.413342466,6.413342466
19,26.64977867,14.13170892,2.433243684,2.433243684,2.433243684,2.433243684,6.022832326,6.022832326
20,27.02482327,14.7975942,3.155887544,3.155887544,3.155887544,3.155887544,5.467861596,5.467861596
21,19.25,11.44,3.21,3.21,3.21,3.21,4.9,4.9
22,23.82586155,13.22315769,2.826179027,2.826179027,2.826179027,2.826179027,5.2528626,5.2528626
23,29.62,19.21,3.88,3.88,3.88,3.88,6.56,6.56
24,21.14,12.24,2.39,2.39,2.39,2.39,5.78,5.78
25,35.50456429,16.75741151,5.381415225,5.381415225,5.381415225,5.381415225,6.382607055,6.382607055
26,30.40498376,16.37659555,4.279043786,4.279043786,4.279043786,4.279043786,6.766989769,6.766989769
27,21.8,13.32,2.98,2.98,2.98,2.98,5.97,5.97
28,21.66393948,13.27464649,2.952787895,2.952787895,2.952787895,2.952787895,5.888363685,5.888363685
29,33.18253756,17.64221374,6.170009202,6.170009202,6.170009202,6.170009202,6.508516151,6.508516151
30,22.6,11.45,7.61,7.61,7.61,7.61,6.75,6.75
31,27.83,15.29,3.18,3.18,3.18,3.18,5.57,5.57
32,31.38,16.02,4.97,4.97,4.97,4.97,6.5,6.5
33,31.46119037,16.79283047,4.261438276,4.261438276,4.261438276,4.261438276,6.742423652,6.742423652
34,21.09789819,12.23799515,2.496256945,2.496256945,2.496256945,2.496256945,5.79002424,5.79002424
35,40.54927762,17.97794854,6.820467105,6.820467105,6.820467105,6.820467105,6.916559368,6.916559368
36,21.7607361,13.30691203,2.97214722,2.97214722,2.97214722,2.97214722,5.94644166,5.94644166
37,25.29215495,13.12040121,5.209451444,5.209451444,5.209451444,5.209451444,7.001901096,7.001901096
38,21.77366664,11.84386642,3.19194692,3.19194692,3.19194692,3.19194692,6.209076486,6.209076486
39,20.75,10.79,3.75,3.75,3.75,3.75,5.29,5.29
40,20.12,10.08,3.77,3.77,3.77,3.77,5.39,5.39
41,20.93607728,12.23028939,2.904662102,2.904662102,2.904662102,2.904662102,5.828553028,5.828553028
42,20.5,10.63,3.73,3.73,3.73,3.73,5.25,5.25
43,29.36829546,15.63401274,7.015996516,7.015996516,7.015996516,7.015996516,6.958245652,6.958245652
44,22.80881664,12.44893631,2.537141178,2.537141178,2.537141178,2.537141178,5.744456249,5.744456249
45,21.35678742,12.84647072,2.937782809,2.937782809,2.937782809,2.937782809,5.859638016,5.859638016
46,34.19117302,16.42426852,6.058808668,6.058808668,6.058808668,6.058808668,6.728244317,6.728244317
47,20.5,10.63,3.73,3.73,3.73,3.73,5.25,5.25
48,21.8,13.32,2.98,2.98,2.98,2.98,5.97,5.97
49,40.46,17.83,6.8,6.8,6.8,6.8,7.04,7.04
50,22.02,12.45,3.13,3.13,3.13,3.13,6.15,6.15
51,21.46658755,15.38287049,3.503789683,3.503789683,3.503789683,3.503789683,4.726316139,4.726316139
52,28.02747797,15.13901967,3.240961499,3.240961499,3.240961499,3.240961499,5.390689475,5.390689475
53,26.5413973,14.72148217,5.568145616,5.568145616,5.568145616,5.568145616,6.522412617,6.522412617
54,12.75934451,7.450635089,4.201590089,4.201590089,4.201590089,4.201590089,6.128409911,6.128409911
55,26.39861445,14.62176315,4.455088157,4.455088157,4.455088157,4.455088157,5.900352629,5.900352629
56,24.56942939,13.22777987,3.208504131,3.208504131,3.208504131,3.208504131,5.287909842,5.287909842
57,20.93,12.23,2.92,2.92,2.92,2.92,5.83,5.83
58,32.93779471,17.69554716,7.587549271,7.587549271,7.587549271,7.587549271,7.202770938,7.202770938
59,31.38,16.02,4.97,4.97,4.97,4.97,6.5,6.5
60,22.88360354,12.76951282,2.324090726,2.324090726,2.324090726,2.324090726,5.329699705,5.329699705
61,21.25541769,10.88325917,3.626715932,3.626715932,3.626715932,3.626715932,5.363948351,5.363948351
62,29.82430269,15.5969024,4.804015558,4.804015558,4.804015558,4.804015558,6.31123338,6.31123338
63,21.79474878,13.31824959,2.978949755,2.978949755,2.978949755,2.978949755,5.966849266,5.966849266
64,23.82,13.83,3.94,3.94,3.94,3.94,6.33,6.33
65,26.6,14.72,4.46,4.46,4.46,4.46,5.92,5.92
66,12.59,7.36,4.2,4.2,4.2,4.2,6.13,6.13
67,28.82914671,15.55473118,3.419112033,3.419112033,3.419112033,3.419112033,6.458130409,6.458130409
68,11.85608707,7.112975647,4.203580063,4.203580063,4.203580063,4.203580063,6.240981956,6.240981956
69,28.45114018,15.27520898,6.700896941,6.700896941,6.700896941,6.700896941,6.850785152,6.850785152
70,23,13.58,4.45,4.45,4.45,4.45,5.91,5.91
71,22.77925016,12.99935303,3.175479277,3.175479277,3.175479277,3.175479277,6.207274006,6.207274006
72,20.16774563,11.44854389,4.437588266,4.437588266,4.437588266,4.437588266,6.003129865,6.003129865
73,26.23710055,14.23376997,3.234252078,3.234252078,3.234252078,3.234252078,5.991954953,5.991954953
74,26.68875145,14.52131833,3.100372812,3.100372812,3.100372812,3.100372812,5.269824969,5.269824969
75,29.88882119,15.66144408,3.388258543,3.388258543,3.388258543,3.388258543,6.164775628,6.164775628
76,29.01302386,15.47922074,6.42048891,6.42048891,6.42048891,6.42048891,7.051734258,7.051734258
77,24.29446055,13.75794394,3.783229291,3.783229291,3.783229291,3.783229291,6.448073509,6.448073509
78,25.18,13.88,4.93,4.93,4.93,4.93,6.36,6.36
79,40.48897713,17.92852224,6.828977128,6.828977128,6.828977128,6.828977128,6.964659467,6.964659467
80,20.14,11.61,2.37,2.37,2.37,2.37,5.33,5.33
81,20.36094977,11.75405778,2.366859894,2.366859894,2.366859894,2.366859894,5.456038517,5.456038517
82,20.5,10.63,3.73,3.73,3.73,3.73,5.25,5.25
83,32.79615451,16.17005611,4.97,4.97,4.97,4.97,6.47186448,6.47186448
84,21.8,13.32,2.98,2.98,2.98,2.98,5.97,5.97
85,25.27,14.04,4.43,4.43,4.43,4.43,5.87,5.87
86,26.58126462,14.38172786,3.197592664,3.197592664,3.197592664,3.197592664,5.337962969,5.337962969
87,27.97,16,5.48,5.48,5.48,5.48,6.87,6.87
88,28.76417729,15.46103305,4.832825049,4.832825049,4.832825049,4.832825049,6.715277995,6.715277995
89,15.61085377,9.200547769,4.664910605,4.664910605,4.664910605,4.664910605,6.452121052,6.452121052
90,21.71537218,12.49702654,3.019480477,3.019480477,3.019480477,3.019480477,6.028960953,6.028960953
91,35.77021048,18.14439733,9.057312704,9.057312704,9.057312704,9.057312704,7.635788897,7.635788897
92,20.93,12.23,2.92,2.92,2.92,2.92,5.83,5.83
93,24.38626742,13.09820066,3.231618261,3.231618261,3.231618261,3.231618261,5.292112411,5.292112411
94,27.01379634,17.95258779,3.553053965,3.553053965,3.553053965,3.553053965,4.772493639,4.772493639
95,31.38,16.02,4.97,4.97,4.97,4.97,6.5,6.5
96,32.89,16.18,4.97,4.97,4.97,4.97,6.47,6.47
97,27.43380731,15.17620576,3.5536146,3.5536146,3.5536146,3.5536146,6.259879334,6.259879334
98,31.91026213,15.8877306,4.964917054,4.964917054,4.964917054,4.964917054,6.456021898,6.456021898
99,31.74678949,16.09721884,4.965173823,4.965173823,4.965173823,4.965173823,6.393824096,6.393824096
100,21.64628025,13.26462703,2.94984501,2.94984501,2.94984501,2.94984501,5.879741684,5.879741684
101,28.79085489,15.31405264,4.950076137,4.950076137,4.950076137,4.950076137,6.313130302,6.313130302
102,32.69515677,16.10646586,4.8645043,4.8645043,4.8645043,4.8645043,6.528138672,6.528138672
103,20.37229257,10.4451603,3.743442888,3.743442888,3.743442888,3.743442888,5.297050106,5.297050106
104,32.03606457,16.15811886,4.961367571,4.961367571,4.961367571,4.961367571,6.310086571,6.310086571
105,17.95785235,10.17348994,3.562621548,3.562621548,3.562621548,3.562621548,5.898310579,5.898310579
106,20.10455728,10.13107978,3.768812098,3.768812098,3.768812098,3.768812098,5.382872589,5.382872589
107,25.17,14.22,4.98,4.98,4.98,4.98,6.46,6.46
108,18.07210936,10.3626134,4.480608113,4.480608113,4.480608113,4.480608113,6.079942615,6.079942615
109,20.94759779,10.84451688,2.250531006,2.250531006,2.250531006,2.250531006,5.862517371,5.862517371
110,22.04173326,13.25044989,4.197404804,4.197404804,4.197404804,4.197404804,5.977465706,5.977465706
111,32.8998082,16.14076721,4.97,4.97,4.97,4.97,6.548465572,6.548465572
112,20.93,12.23,2.92,2.92,2.92,2.92,5.83,5.83
113,40.60451649,18.00787637,6.944516493,6.944516493,6.944516493,6.944516493,6.854865379,6.854865379
114,23.82,13.83,3.94,3.94,3.94,3.94,6.33,6.33
115,28.80416852,15.54811303,3.413134346,3.413134346,3.413134346,3.413134346,6.435927571,6.435927571
116,20.84317716,12.74035696,3.294171082,3.294171082,3.294171082,3.294171082,6.008266631,6.008266631
117,29.80761987,19.08236744,3.912546304,3.912546304,3.912546304,3.912546304,6.582335699,6.582335699
118,26.19,14.52,4.45,4.45,4.45,4.45,5.88,5.88
119,28.97363377,15.58446276,3.613489133,3.613489133,3.613489133,3.613489133,6.621770639,6.621770639
120,14.72,8.5,4.22,4.22,4.22,4.22,6.11,6.11
121,26.69,15.05,4.34,4.34,4.34,4.34,6.73,6.73
122,32.89876499,16.14494004,4.97,4.97,4.97,4.97,6.540119913,6.540119913
123,21.13656068,12.23983622,2.398680191,2.398680191,2.398680191,2.398680191,5.780818886,5.780818886
124,31.38,16.02,4.97,4.97,4.97,4.97,6.5,6.5
125,40.51,18,6.85,6.85,6.85,6.85,6.91,6.91
126,23.99316092,13.21125476,4.261254761,4.261254761,4.261254761,4.261254761,6.264464966,6.264464966
127,27.97,16,5.48,5.48,5.48,5.48,6.87,6.87
128,29.55271454,16.10340092,4.364384281,4.364384281,4.364384281,4.364384281,6.81778341,6.81778341
129,32.56,17.21,4.39,4.39,4.39,4.39,6.91,6.91
130,23,13.58,4.45,4.45,4.45,4.45,5.91,5.91
131,29.34062562,15.6252867,3.615093578,3.615093578,3.615093578,3.615093578,6.587408801,6.587408801
132,24.6293978,13.51886674,3.520879988,3.520879988,3.520879988,3.520879988,5.684699841,5.684699841
133,30.07,15.71,3.41,3.41,3.41,3.41,6.23,6.23
134,14.66936686,8.486675491,4.218667549,4.218667549,4.218667549,4.218667549,6.106002647,6.106002647
135,25.17,14.22,4.98,4.98,4.98,4.98,6.46,6.46
136,25.35,13.78,3.11,3.11,3.11,3.11,5.27,5.27
137,27.57,15.04,3.11,3.11,3.11,3.11,5.33,5.33
138,45.09,19.11,9.11,9.11,9.11,9.11,7.33,7.33
139,20.36,14.87,3.5,3.5,3.5,3.5,4.72,4.72
140,21.8,13.32,2.98,2.98,2.98,2.98,5.97,5.97
141,22.97788885,12.78858286,2.270205567,2.270205567,2.270205567,2.270205567,5.37980171,5.37980171
142,20.59989082,10.67309712,3.882150487,3.882150487,3.882150487,3.882150487,5.377118459,5.377118459
143,27.08936148,14.2854944,5.264986852,5.264986852,5.264986852,5.264986852,6.996710409,6.996710409
144,40.4981039,19.2652755,9.703246621,9.703246621,9.703246621,9.703246621,7.801966905,7.801966905
145,24.2335029,13.88988663,4.079735464,4.079735464,4.079735464,4.079735464,6.198819769,6.198819769
146,31.89966589,14.58963315,4.573063729,4.573063729,4.573063729,4.573063729,5.873951086,5.873951086
147,70.65806236,26.57138014,9.956562571,9.956562571,9.956562571,9.956562571,9.074035282,9.074035282
148,22.22007928,11.31446072,6.817300546,6.817300546,6.817300546,6.817300546,6.450170673,6.450170673
149,20.75825678,10.84239963,2.4865075,2.4865075,2.4865075,2.4865075,5.766369628,5.766369628
150,20.15973358,10.13750913,3.765817518,3.765817518,3.765817518,3.765817518,5.375361314,5.375361314
151,23.51295442,13.7312861,4.575283799,4.575283799,4.575283799,4.575283799,6.04001149,6.04001149
152,24.33156589,13.40685293,4.440568939,4.440568939,4.440568939,4.440568939,6.295082788,6.295082788
153,21.65,13.27,2.95,2.95,2.95,2.95,5.88,5.88
154,20.32387867,10.37508755,3.748539087,3.748539087,3.748539087,3.748539087,5.314886805,5.314886805
155,26.69,15.05,4.34,4.34,4.34,4.34,6.73,6.73
156,25.16701222,14.20100888,5.364752394,5.364752394,5.364752394,5.364752394,6.419545229,6.419545229
157,20.97225894,12.23201233,2.81334648,2.81334648,2.81334648,2.81334648,5.819938347,5.819938347
158,21.04919492,11.8367377,4.17747813,4.17747813,4.17747813,4.17747813,5.916605124,5.916605124
159,23.18952568,12.73489029,3.084101958,3.084101958,3.084101958,3.084101958,6.112305873,6.112305873
160,14.94605515,8.576116003,4.453892697,4.453892697,4.453892697,4.453892697,6.214065716,6.214065716
161,22.09752669,12.16556815,3.107102508,3.107102508,3.107102508,3.107102508,6.102494824,6.102494824
162,33.98876844,18.0047663,8.06305669,8.06305669,8.06305669,8.06305669,7.282130798,7.282130798
163,28.42923112,15.0220514,4.97,4.97,4.97,4.97,6.327692328,6.327692328
164,22.02321035,12.43492041,3.132651344,3.132651344,3.132651344,3.132651344,6.148010115,6.148010115
165,21.03630822,12.17532097,2.386920046,2.386920046,2.386920046,2.386920046,5.736880646,5.736880646
166,28.10592459,14.84832928,3.596748674,3.596748674,3.596748674,3.596748674,6.150107539,6.150107539
167,21.17938782,12.6578821,3.688244368,3.688244368,3.688244368,3.688244368,5.099268486,5.099268486
168,27.00525081,14.08435609,5.016299435,5.016299435,5.016299435,5.016299435,6.980239189,6.980239189
169,25.16762829,14.21930051,4.979420735,4.979420735,4.979420735,4.979420735,6.459398876,6.459398876
170,31.19007141,15.97819182,4.971194519,4.971194519,4.971194519,4.971194519,6.480887689,6.480887689
171,26.76000184,14.40695993,3.185832278,3.185832278,3.185832278,3.185832278,5.230777416,5.230777416
172,24.03753205,13.20092885,2.265945989,2.265945989,2.265945989,2.265945989,5.455482356,5.455482356
173,26.19,14.52,4.45,4.45,4.45,4.45,5.88,5.88
174,24.7180283,13.60326719,3.228670105,3.228670105,3.228670105,3.228670105,5.767039662,5.767039662
175,20.12,10.08,3.77,3.77,3.77,3.77,5.39,5.39
176,20.99975461,12.23332165,2.743952647,2.743952647,2.743952647,2.743952647,5.813391759,5.813391759
177,30.83236781,16.52855142,6.962904376,6.962904376,6.962904376,6.962904376,7.142921604,7.142921604
178,69.65970598,26.33221069,9.365012898,9.365012898,9.365012898,9.365012898,8.978117914,8.978117914
179,20.5,10.63,3.73,3.73,3.73,3.73,5.25,5.25
180,26.52520916,14.68351666,4.458175833,4.458175833,4.458175833,4.458175833,5.912703332,5.912703332
181,27.39562322,14.68650302,4.968354281,4.968354281,4.968354281,4.968354281,6.264388584,6.264388584
182,42.8287841,18.87851777,9.10025338,9.10025338,9.10025338,9.10025338,7.405536307,7.405536307
183,32.89,16.18,4.97,4.97,4.97,4.97,6.47,6.47
184,78.2,28.59,10.54,10.54,10.54,10.54,9.47,9.47
185,78.2,28.59,10.54,10.54,10.54,10.54,9.47,9.47
186,45.09,19.11,9.11,9.11,9.11,9.11,7.33,7.33
187,26.61959577,14.57645932,4.497631014,4.497631014,4.497631014,4.497631014,5.900391953,5.900391953
188,27.61187772,14.69778483,3.450866689,3.450866689,3.450866689,3.450866689,6.098105914,6.098105914
189,21.11428356,12.22395905,2.389236145,2.389236145,2.389236145,2.389236145,5.769306035,5.769306035
190,28.38465856,15.3964439,4.069880859,4.069880859,4.069880859,4.069880859,6.229845138,6.229845138
191,33.84517233,16.39824133,4.906383699,4.906383699,4.906383699,4.906383699,6.162470495,6.162470495
192,29,15.6,3.46,3.46,3.46,3.46,6.61,6.61
193,29.96532644,15.69923917,3.414891288,3.414891288,3.414891288,3.414891288,6.267173786,6.267173786
194,36.01162222,16.43006493,5.658202616,5.658202616,5.658202616,5.658202616,6.490666828,6.490666828
195,27.82120506,15.28154333,3.177632131,3.177632131,3.177632131,3.177632131,5.561881593,5.561881593
196,32.89,16.18,4.97,4.97,4.97,4.97,6.47,6.47
197,20.87299645,11.14580735,2.694378209,2.694378209,2.694378209,2.694378209,6.029299645,6.029299645
198,26.6,14.72,4.46,4.46,4.46,4.46,5.92,5.92
199,24.64615229,12.1426921,6.760475478,6.760475478,6.760475478,6.760475478,6.482251722,6.482251722
200,13.67432262,7.940341684,4.210181433,4.210181433,4.210181433,4.210181433,6.119818567,6.119818567
201,21.02,12.75,4.64,4.64,4.64,4.64,5.99,5.99
202,40.48278696,17.85152102,6.803797826,6.803797826,6.803797826,6.803797826,7.024808694,7.024808694
203,10.54,6.67,4.21,4.21,4.21,4.21,6.44,6.44
204,40.46,17.83,6.8,6.8,6.8,6.8,7.04,7.04
205,27.97,16,5.48,5.48,5.48,5.48,6.87,6.87
206,20.10395747,10.53681352,3.753296619,3.753296619,3.753296619,3.753296619,5.312124318,5.312124318
207,12.59,7.36,4.2,4.2,4.2,4.2,6.13,6.13
208,21.8,13.32,2.98,2.98,2.98,2.98,5.97,5.97
209,32.89066407,16.1773437,4.97,4.97,4.97,4.97,6.475312597,6.475312597
210,29.62,19.21,3.88,3.88,3.88,3.88,6.56,6.56
211,26.66054308,14.5842051,5.158248526,5.158248526,5.158248526,5.158248526,6.504321255,6.504321255
212,20.5,10.63,3.73,3.73,3.73,3.73,5.25,5.25
213,27.7608617,15.24790369,3.178048516,3.178048516,3.178048516,3.178048516,5.561636496,5.561636496
214,30.60809802,15.799683,3.707671243,3.707671243,3.707671243,3.707671243,6.275795576,6.275795576
215,21.65,13.27,2.95,2.95,2.95,2.95,5.88,5.88
216,25.45526006,14.04047399,5.636208046,5.636208046,5.636208046,5.636208046,6.744832183,6.744832183
217,29.6075376,19.20302106,3.871276322,3.871276322,3.871276322,3.871276322,6.515384619,6.515384619
218,29.48250716,19.08857007,3.858207021,3.858207021,3.858207021,3.858207021,6.542079853,6.542079853
219,21.13363043,12.2360269,2.389810805,2.389810805,2.389810805,2.389810805,5.777351266,5.777351266
220,20.12,10.08,3.77,3.77,3.77,3.77,5.39,5.39
221,27.51371143,16.03855409,5.850140639,5.850140639,5.850140639,5.850140639,6.56,6.56
222,24.4480309,13.40838067,3.417030402,3.417030402,3.417030402,3.417030402,5.644136526,5.644136526
223,38.62479542,25.28391395,11.18439011,11.18439011,11.18439011,11.18439011,7.776304971,7.776304971
224,20.5,10.63,3.73,3.73,3.73,3.73,5.25,5.25
225,21.95,12.06,3.11,3.11,3.11,3.11,6.1,6.1
226,23.84,13.23,2.82,2.82,2.82,2.82,5.25,5.25
227,40.44631203,16.7759419,5.696783902,5.696783902,5.696783902,5.696783902,6.592261301,6.592261301
228,10.54,6.67,4.21,4.21,4.21,4.21,6.44,6.44
229,12.55925538,7.313883073,4.153883073,4.153883073,4.153883073,4.153883073,5.991649218,5.991649218
230,27.55060998,15.01350031,3.230218114,3.230218114,3.230218114,3.230218114,5.390109057,5.390109057
231,40.46275963,17.83938274,6.802759628,6.802759628,6.802759628,6.802759628,7.032824967,7.032824967
232,27.97,16,5.48,5.48,5.48,5.48,6.87,6.87
233,41.8850472,18.78190677,9.096185548,9.096185548,9.096185548,9.096185548,7.437062001,7.437062001
234,27.57,15.04,3.11,3.11,3.11,3.11,5.33,5.33
235,40.50449236,17.90683292,6.81922954,6.81922954,6.81922954,6.81922954,6.982929606,6.982929606
236,20.93,12.23,2.92,2.92,2.92,2.92,5.83,5.83
237,31.2501104,15.88931006,4.060520223,4.060520223,4.060520223,4.060520223,6.363440046,6.363440046
238,20.13364884,11.61,2.363648845,2.363648845,2.363648845,2.363648845,5.349053466,5.349053466
239,25.17,14.22,4.98,4.98,4.98,4.98,6.46,6.46
240,25.86404764,14.0840609,4.933548885,4.933548885,4.933548885,4.933548885,6.369759435,6.369759435
241,26.87364765,14.52797567,4.455520002,4.455520002,4.455520002,4.455520002,5.889382281,5.889382281
242,36.15565818,16.90427847,6.293734171,6.293734171,6.293734171,6.293734171,6.786658226,6.786658226
243,26.19,14.52,4.45,4.45,4.45,4.45,5.88,5.88
244,30.73648289,15.80231172,4.870703591,4.870703591,4.870703591,4.870703591,6.381608128,6.381608128
245,33.7327332,16.849557,4.141051851,4.141051851,4.141051851,4.141051851,6.885114166,6.885114166
246,27.98980889,15.26367993,3.10509543,3.10509543,3.10509543,3.10509543,5.317793205,5.317793205
247,24.52056221,13.49778708,2.390974885,2.390974885,2.390974885,2.390974885,5.500657898,5.500657898
248,35.71,21.83,7.29,7.29,7.29,7.29,6.6,6.6
249,41.92322112,19.96529541,6.08670813,6.08670813,6.08670813,6.08670813,6.86272854,6.86272854
250,31.38,16.02,4.97,4.97,4.97,4.97,6.5,6.5
251,26.67484644,15.04659045,4.343788391,4.343788391,4.343788391,4.343788391,6.73,6.73
252,14.34,8.4,4.21,4.21,4.21,4.21,6.08,6.08
253,32.89,16.18,4.97,4.97,4.97,4.97,6.47,6.47
254,30.62847272,19.32999305,6.034275954,6.034275954,6.034275954,6.034275954,5.998789443,5.998789443
255,29.81138285,15.68464538,4.18585146,4.18585146,4.18585146,4.18585146,6.28578017,6.28578017
256,20.62025295,10.93228266,2.61594057,2.61594057,2.61594057,2.61594057,6.004025295,6.004025295
257,23.32196906,12.86048945,3.082729732,3.082729732,3.082729732,3.082729732,6.1,6.1
258,22.76,12.71,2.26,2.26,2.26,2.26,5.34,5.34
259,20.5,10.63,3.73,3.73,3.73,3.73,5.25,5.25
260,12.37703831,7.288320212,4.201038838,4.201038838,4.201038838,4.201038838,6.162203963,6.162203963
261,28.46541155,15.28497466,6.57206848,6.57206848,6.57206848,6.57206848,6.848655558,6.848655558
262,32.14,16.18,4.96,4.96,4.96,4.96,6.28,6.28
263,26.99,15.25,6.34,6.34,6.34,6.34,6.56,6.56
264,39.19795139,17.55683354,6.438715331,6.438715331,6.438715331,6.438715331,6.872575397,6.872575397
265,22.28471354,12.65294705,3.249121092,3.249121092,3.249121092,3.249121092,6.176471354,6.176471354
266,31.38,16.02,4.97,4.97,4.97,4.97,6.5,6.5
267,32.50060277,16.18,4.964808037,4.964808037,4.964808037,4.964808037,6.371352702,6.371352702
268,25.6867993,14.20520056,5.000728413,5.000728413,5.000728413,5.000728413,6.695629393,6.695629393
269,32.50577479,16.03248403,4.856749849,4.856749849,4.856749849,4.856749849,6.516311664,6.516311664
270,32.49953922,16.06352013,4.967974263,4.967974263,4.967974263,4.967974263,6.464429224,6.464429224
271,33.65009809,15.74902465,4.518913722,4.518913722,4.518913722,4.518913722,6.383495177,6.383495177
272,27.83055742,15.28993311,3.179754736,3.179754736,3.179754736,3.179754736,5.569175021,5.569175021
273,32.6637623,16.07557154,4.902135353,4.902135353,4.902135353,4.902135353,6.529812415,6.529812415
274,23,13.58,4.45,4.45,4.45,4.45,5.91,5.91
275,28.72828132,15.48776367,4.14698704,4.14698704,4.14698704,4.14698704,6.53415771,6.53415771
276,45.09,19.11,9.11,9.11,9.11,9.11,7.33,7.33
277,27.29714837,14.66710277,4.801680131,4.801680131,4.801680131,4.801680131,6.175840065,6.175840065
278,29.63764806,15.61685679,4.979642537,4.979642537,4.979642537,4.979642537,6.351152882,6.351152882
279,29.18563232,15.64901146,3.486712943,3.486712943,3.486712943,3.486712943,6.620790822,6.620790822
280,26.72114131,14.8188088,5.593368111,5.593368111,5.593368111,5.593368111,6.533419824,6.533419824
281,27.24155711,14.77863753,3.39,3.39,3.39,3.39,6.179026805,6.179026805
282,21.53966307,13.11062444,2.945402628,2.945402628,2.945402628,2.945402628,5.872337713,5.872337713
283,21.96605469,12.07519615,3.117125877,3.117125877,3.117125877,3.117125877,6.101974641,6.101974641
284,28.63980884,15.15539486,4.962706001,4.962706001,4.962706001,4.962706001,6.326927077,6.326927077
285,38.89268352,18.47557644,9.083287429,9.083287429,9.083287429,9.083287429,7.537022426,7.537022426
286,27.94172763,15.12045928,3.216413884,3.216413884,3.216413884,3.216413884,5.379313751,5.379313751
287,31.32397977,16.0076685,4.970352328,4.970352328,4.970352328,4.970352328,6.494362744,6.494362744
288,45.09,19.11,9.11,9.11,9.11,9.11,7.33,7.33
289,29.12,18.93,3.53,3.53,3.53,3.53,4.77,4.77
290,23.84,13.23,2.82,2.82,2.82,2.82,5.25,5.25
291,39.21427986,18.50849848,9.08467362,9.08467362,9.08467362,9.08467362,7.526279444,7.526279444
292,30.00810646,15.71251143,4.978259237,4.978259237,4.978259237,4.978259237,6.369376232,6.369376232
293,20.93,12.23,2.92,2.92,2.92,2.92,5.83,5.83
294,20.93,12.23,2.92,2.92,2.92,2.92,5.83,5.83
295,26.19478645,14.52233485,4.450116743,4.450116743,4.450116743,4.450116743,5.880466971,5.880466971
296,27.24,14.78,3.39,3.39,3.39,3.39,6.18,6.18
297,25.43470326,15.87284927,3.172747417,3.172747417,3.172747417,3.172747417,5.757861151,5.757861151
298,31.78808428,16.16528681,3.278967758,3.278967758,3.278967758,3.278967758,6.448523095,6.448523095
299,25.5771443,13.91830157,3.116411331,3.116411331,3.116411331,3.116411331,5.297477133,5.297477133
300,20.13930425,11.61,2.36930425,2.36930425,2.36930425,2.36930425,5.332087249,5.332087249
301,13.53265368,8.375086003,4.350858795,4.350858795,4.350858795,4.350858795,6.331294483,6.331294483
302,21.61399623,13.21799456,2.948499843,2.948499843,2.948499843,2.948499843,5.877499738,5.877499738
303,22.16182026,12.23498195,3.100790424,3.100790424,3.100790424,3.100790424,6.155257459,6.155257459
304,32.56,17.21,4.39,4.39,4.39,4.39,6.91,6.91
305,21.8,13.32,2.98,2.98,2.98,2.98,5.97,5.97
306,24.90822711,14.1422989,4.45,4.45,4.45,4.45,5.892054291,5.892054291
307,37.96,16.35,3.26,3.26,3.26,3.26,5.78,5.78
308,25.49113778,13.85419652,3.11533028,3.11533028,3.11533028,3.11533028,5.275925255,5.275925255
309,26.62402461,14.72653389,4.462563295,4.462563295,4.462563295,4.462563295,5.92291512,5.92291512
310,25.73686697,14.09472196,5.472199598,5.472199598,5.472199598,5.472199598,6.946172967,6.946172967
311,40.48967616,17.93089895,6.829676161,6.829676161,6.829676161,6.829676161,6.962841982,6.962841982
312,29.12,18.93,3.53,3.53,3.53,3.53,4.77,4.77
313,29,15.6,3.46,3.46,3.46,3.46,6.61,6.61
314,27.97,16,5.48,5.48,5.48,5.48,6.87,6.87
315,34.72904137,16.77259216,6.085808796,6.085808796,6.085808796,6.085808796,6.745126151,6.745126151
316,23.23925995,12.01091876,5.52398815,5.52398815,5.52398815,5.52398815,7.039437545,7.039437545
317,20.1587675,10.13611085,3.765919211,3.765919211,3.765919211,3.765919211,5.375717237,5.375717237
318,78.2,28.59,10.54,10.54,10.54,10.54,9.47,9.47
319,27.96577333,14.95439077,3.592601037,3.592601037,3.592601037,3.592601037,6.227444547,6.227444547
320,27.57,15.04,3.11,3.11,3.11,3.11,5.33,5.33
321,10.54,6.67,4.21,4.21,4.21,4.21,6.44,6.44
322,21.07344472,12.78905575,4.526258679,4.526258679,4.526258679,4.526258679,5.988629623,5.988629623
323,40.47,16.78,5.72,5.72,5.72,5.72,6.6,6.6
324,14.72,8.5,4.22,4.22,4.22,4.22,6.11,6.11
325,27.97,16,5.48,5.48,5.48,5.48,6.87,6.87
326,20.45065694,10.61838987,3.732902533,3.732902533,3.732902533,3.732902533,5.257740087,5.257740087
327,28.4580736,15.28065051,6.614785831,6.614785831,6.614785831,6.614785831,6.851931429,6.851931429
328,27.8407723,15.89198185,6.432687349,6.432687349,6.432687349,6.432687349,6.563902625,6.563902625
329,20.25757725,12.40906649,3.148488453,3.148488453,3.148488453,3.148488453,6.034381767,6.034381767
330,20.93,12.23,2.92,2.92,2.92,2.92,5.83,5.83
331,20.13,11.61,2.36,2.36,2.36,2.36,5.36,5.36
332,27.94161229,14.89722653,5.311446848,5.311446848,5.311446848,5.311446848,6.542413811,6.542413811
333,20.16630666,10.36323081,3.756841783,3.756841783,3.756841783,3.756841783,5.335202196,5.335202196
334,25.17,14.22,4.98,4.98,4.98,4.98,6.46,6.46
335,27.12055155,12.94968629,4.262765221,4.262765221,4.262765221,4.262765221,5.658788857,5.658788857
336,31.38079793,16.02016799,4.969989501,4.969989501,4.969989501,4.969989501,6.49976902,6.49976902
337,20.14,11.61,2.37,2.37,2.37,2.37,5.33,5.33
338,28.56956014,15.26609654,4.604938871,4.604938871,4.604938871,4.604938871,6.129047648,6.129047648
339,21.04469835,12.23546183,2.630523221,2.630523221,2.630523221,2.630523221,5.80269087,5.80269087
340,25.1671265,13.8727462,4.922746199,4.922746199,4.922746199,4.922746199,6.358963743,6.358963743
341,40.47594023,17.88419677,6.815940227,6.815940227,6.815940227,6.815940227,6.99855541,6.99855541
342,32.04049679,19.61562649,8.57679317,8.57679317,8.57679317,8.57679317,7.066061803,7.066061803
343,32.56,17.21,4.39,4.39,4.39,4.39,6.91,6.91
344,19.99473298,10.49434476,3.760364075,3.760364075,3.760364075,3.760364075,5.332184452,5.332184452
345,24.24442503,13.56617579,3.068055933,3.068055933,3.068055933,3.068055933,5.768353387,5.768353387
346,28.1591318,15.26219811,3.872308504,3.872308504,3.872308504,3.872308504,5.564885511,5.564885511
347,21.65370323,13.27123441,2.950740646,2.950740646,2.950740646,2.950740646,5.882221939,5.882221939
348,23,13.58,4.45,4.45,4.45,4.45,5.91,5.91
349,21.94228721,12.0736108,3.109092613,3.109092613,3.109092613,3.109092613,6.10136108,6.10136108
350,27.57,15.04,3.11,3.11,3.11,3.11,5.33,5.33
351,29.16788749,18.11974456,4.123448322,4.123448322,4.123448322,4.123448322,6.654275432,6.654275432
352,20.12,10.08,3.77,3.77,3.77,3.77,5.39,5.39
353,23.90490804,13.89426431,4.531362345,4.531362345,4.531362345,4.531362345,5.952034205,5.952034205
354,27.71416291,14.99911088,4.587279437,4.587279437,4.587279437,4.587279437,6.063556351,6.063556351
355,26.19884822,14.5243162,4.45021581,4.45021581,4.45021581,4.45021581,5.880863241,5.880863241
356,21.02,12.75,4.64,4.64,4.64,4.64,5.99,5.99
357,27.97,16,5.48,5.48,5.48,5.48,6.87,6.87
358,20.93,12.23,2.92,2.92,2.92,2.92,5.83,5.83
359,17.28040302,10.02655697,4.824004324,4.824004324,4.824004324,4.824004324,6.44,6.44
360,32.56,17.21,4.39,4.39,4.39,4.39,6.91,6.91
361,12.59,7.36,4.2,4.2,4.2,4.2,6.13,6.13
362,16.6773816,9.588542075,3.86385668,3.86385668,3.86385668,3.86385668,5.875761487,5.875761487
363,21.53129719,13.12364026,3.551854692,3.551854692,3.551854692,3.551854692,5.976889816,5.976889816
364,20.93,12.23,2.92,2.92,2.92,2.92,5.83,5.83
365,22.6,11.45,7.61,7.61,7.61,7.61,6.75,6.75
366,24.7415081,14.1863727,3.987446069,3.987446069,3.987446069,3.987446069,6.391152712,6.391152712
367,30.19660831,15.95881927,7.280112556,7.280112556,7.280112556,7.280112556,7.045909699,7.045909699
368,39.21532292,16.56505532,4.490316489,4.490316489,4.490316489,4.490316489,6.190105496,6.190105496
369,38.21446626,24.9263791,10.96470709,10.96470709,10.96470709,10.96470709,7.741402062,7.741402062
370,12.59,7.36,4.2,4.2,4.2,4.2,6.13,6.13
371,30.26176019,18.07809465,7.789016036,7.789016036,7.789016036,7.789016036,6.887831682,6.887831682
372,26.19,14.52,4.45,4.45,4.45,4.45,5.88,5.88
373,27.93325669,15.2776092,3.134567058,3.134567058,3.134567058,3.134567058,5.417180105,5.417180105
374,21.32347223,11.08425598,2.253032189,2.253032189,2.253032189,2.253032189,5.841783151,5.841783151
375,26.85217176,14.18586522,2.451670808,2.451670808,2.451670808,2.451670808,6.087516152,6.087516152
376,23.24978917,12.73863933,3.093370244,3.093370244,3.093370244,3.093370244,6.113027417,6.113027417
377,26.13817005,14.99758793,3.850402662,3.850402662,3.850402662,3.850402662,5.955061435,5.955061435
378,20.93,12.23,2.92,2.92,2.92,2.92,5.83,5.83
379,21.14,12.24,2.39,2.39,2.39,2.39,5.78,5.78
380,29.60743373,19.20296289,3.871203614,3.871203614,3.871203614,3.871203614,6.51501277,6.51501277
381,25.51606319,14.32361598,4.988596941,4.988596941,4.988596941,4.988596941,6.45501621,6.45501621
382,31.42613418,15.94214299,4.47709802,4.47709802,4.47709802,4.47709802,6.37224227,6.37224227
383,31.38,16.02,4.97,4.97,4.97,4.97,6.5,6.5
384,32.71974434,17.48471628,7.452071256,7.452071256,7.452071256,7.452071256,7.052022923,7.052022923
385,25.67863212,14.59878162,4.68916074,4.68916074,4.68916074,4.68916074,6.501236741,6.501236741
386,20.12,10.08,3.77,3.77,3.77,3.77,5.39,5.39
387,25.08975026,13.59721245,5.040450229,5.040450229,5.040450229,5.040450229,6.816737601,6.816737601
388,38.61273584,17.5760156,6.533834776,6.533834776,6.533834776,6.533834776,6.765851912,6.765851912
389,23.3583498,12.83086707,2.799818501,2.799818501,2.799818501,2.799818501,5.36706855,5.36706855
390,27.00560616,15.27696275,6.319411592,6.319411592,6.319411592,6.319411592,6.546884964,6.546884964
391,23.84224891,13.82840521,4.655710562,4.655710562,4.655710562,4.655710562,6.123473225,6.123473225
392,25.77226662,13.58139902,5.475646117,5.475646117,5.475646117,5.475646117,7.017586552,7.017586552
393,28.90467348,16.90503505,7.187981639,7.187981639,7.187981639,7.187981639,6.75185105,6.75185105
394,21.65,13.27,2.95,2.95,2.95,2.95,5.88,5.88
395,29.27111536,19.0146246,3.635780752,3.635780752,3.635780752,3.635780752,5.310992991,5.310992991
396,19.28,9.8,2.2,2.2,2.2,2.2,5.87,5.87
397,10.54,6.67,4.21,4.21,4.21,4.21,6.44,6.44
398,21.11567285,12.49819412,2.927736369,2.927736369,2.927736369,2.927736369,5.842893948,5.842893948
399,23.61212499,13.02268139,2.547133145,2.547133145,2.547133145,2.547133145,5.673743609,5.673743609
400,23.82,13.83,3.94,3.94,3.94,3.94,6.33,6.33
401,23.59608115,13.75580274,4.595586641,4.595586641,4.595586641,4.595586641,6.061080477,6.061080477
402,31.29242061,19.13343729,8.146157284,8.146157284,8.146157284,8.146157284,7.23341338,7.23341338
403,19.96599157,10.37363088,2.211827441,2.211827441,2.211827441,2.211827441,5.765524272,5.765524272
404,20.93,12.23,2.92,2.92,2.92,2.92,5.83,5.83
405,37.26950834,16.15715999,3.098263216,3.098263216,3.098263216,3.098263216,5.755117418,5.755117418
406,20.22963983,10.60228192,2.494715808,2.494715808,2.494715808,2.494715808,5.964963983,5.964963983
407,29.12,18.93,3.53,3.53,3.53,3.53,4.77,4.77
408,28.44085894,15.27050616,6.714999759,6.714999759,6.714999759,6.714999759,6.859616546,6.859616546
409,78.2,28.59,10.54,10.54,10.54,10.54,9.47,9.47
410,14.72,8.5,4.22,4.22,4.22,4.22,6.11,6.11
411,31.26438592,15.98855684,4.957664606,4.957664606,4.957664606,4.957664606,6.485971513,6.485971513
412,21.76867505,13.30955835,2.973735009,2.973735009,2.973735009,2.973735009,5.951205028,5.951205028
413,20.56312902,11.88016958,2.372865218,2.372865218,2.372865218,2.372865218,5.540113056,5.540113056
414,23,13.58,4.45,4.45,4.45,4.45,5.91,5.91
415,40.46,17.83,6.8,6.8,6.8,6.8,7.04,7.04
416,27.66440296,15.67489677,5.482600826,5.482600826,5.482600826,5.482600826,6.889506194,6.889506194
417,32.71169134,16.12680805,4.969074923,4.969074923,4.969074923,4.969074923,6.467456037,6.467456037
418,29,15.6,3.46,3.46,3.46,3.46,6.61,6.61
419,21.65,13.27,2.95,2.95,2.95,2.95,5.88,5.88
420,35.7693294,15.92801467,6.183076311,6.183076311,6.183076311,6.183076311,6.503719178,6.503719178
421,27.97,16,5.48,5.48,5.48,5.48,6.87,6.87
422,32.56,17.21,4.39,4.39,4.39,4.39,6.91,6.91
423,22.58619344,12.8795942,3.380080243,3.380080243,3.380080243,3.380080243,6.206222042,6.206222042
424,26.32410696,14.58541803,4.453270901,4.453270901,4.453270901,4.453270901,5.893083605,5.893083605
425,31.39929188,16.47579655,6.440824338,6.440824338,6.440824338,6.440824338,6.612204341,6.612204341
426,27.4,14.64,3.39,3.39,3.39,3.39,6.08,6.08
427,28.83663253,15.50372988,4.411032059,4.411032059,4.411032059,4.411032059,6.682931906,6.682931906
428,33.90934518,16.83956547,5.204909799,5.204909799,5.204909799,5.204909799,6.983214055,6.983214055
429,28.29049541,14.80790395,4.94613746,4.94613746,4.94613746,4.94613746,6.404378015,6.404378015
430,10.54,6.67,4.21,4.21,4.21,4.21,6.44,6.44
431,25.84786753,14.05059233,2.833031877,2.833031877,2.833031877,2.833031877,5.772661482,5.772661482
432,25.80047203,13.59647712,5.471134878,5.471134878,5.471134878,5.471134878,7.017139492,7.017139492
433,32.56,17.21,4.39,4.39,4.39,4.39,6.91,6.91
434,78.2,28.59,10.54,10.54,10.54,10.54,9.47,9.47
435,31.38,16.02,4.97,4.97,4.97,4.97,6.5,6.5
436,20.13012321,11.61,2.360123212,2.360123212,2.360123212,2.360123212,5.359630365,5.359630365
437,23,13.58,4.45,4.45,4.45,4.45,5.91,5.91
438,20.93,12.23,2.92,2.92,2.92,2.92,5.83,5.83
439,20.12,10.08,3.77,3.77,3.77,3.77,5.39,5.39
440,23.59635995,12.994707,4.035472965,4.035472965,4.035472965,4.035472965,6.233305035,6.233305035
441,23.79634506,13.20898095,2.797364104,2.797364104,2.797364104,2.797364104,5.253637912,5.253637912
442,20.49275282,10.61951066,3.730762861,3.730762861,3.730762861,3.730762861,5.252670014,5.252670014
443,21.58606699,11.42613383,2.646949065,2.646949065,2.646949065,2.646949065,5.708337572,5.708337572
444,40.52696003,18.00141334,6.866960027,6.866960027,6.866960027,6.866960027,6.900106651,6.900106651
445,24.98569435,13.86318318,5.494815713,5.494815713,5.494815713,5.494815713,6.415135891,6.415135891
446,23.93992788,13.85721375,4.67956764,4.67956764,4.67956764,4.67956764,6.14823057,6.14823057
447,41.11432645,18.70300756,9.092863476,9.092863476,9.092863476,9.092863476,7.462808061,7.462808061
448,31.38,16.02,4.97,4.97,4.97,4.97,6.5,6.5
449,27.20195491,14.90760158,3.162272921,3.162272921,3.162272921,3.162272921,5.494026804,5.494026804
450,23.80520947,13.8186606,3.933344263,3.933344263,3.933344263,3.933344263,6.328520947,6.328520947
451,26.54385191,14.29698301,3.07765933,3.07765933,3.07765933,3.07765933,5.898730861,5.898730861
452,20.21209133,11.6607702,2.363115465,2.363115465,2.363115465,2.363115465,5.391753289,5.391753289
453,26.19,14.52,4.45,4.45,4.45,4.45,5.88,5.88
454,39.95968366,17.85680679,6.747858657,6.747858657,6.747858657,6.747858657,6.864646349,6.864646349
455,26.19,14.52,4.45,4.45,4.45,4.45,5.88,5.88
456,32.89,16.18,4.97,4.97,4.97,4.97,6.47,6.47
457,13.60891147,7.950411198,4.342182703,4.342182703,4.342182703,4.342182703,6.207786234,6.207786234
458,25.44664065,14.09449179,3.702353681,3.702353681,3.702353681,3.702353681,6.04371065,6.04371065
459,19.55052505,9.955333741,2.209075679,2.209075679,2.209075679,2.209075679,5.878726615,5.878726615
460,21.8,13.32,2.98,2.98,2.98,2.98,5.97,5.97
461,30.82511944,18.39019086,4.089051332,4.089051332,4.089051332,4.089051332,6.7034666,6.7034666
462,26.18990124,14.18126755,4.935239436,4.935239436,4.935239436,4.935239436,6.374408448,6.374408448
463,20.99509211,12.32402193,2.922712171,2.922712171,2.922712171,2.922712171,5.834520285,5.834520285
464,32.82097315,16.11777006,4.951727224,4.951727224,4.951727224,4.951727224,6.544646193,6.544646193
465,21.02,12.75,4.64,4.64,4.64,4.64,5.99,5.99
466,31.73454488,15.8221486,4.635196529,4.635196529,4.635196529,4.635196529,6.450406562,6.450406562
467,20.92858735,10.84322779,2.241784217,2.241784217,2.241784217,2.241784217,5.841172076,5.841172076
468,29.72410336,15.56965154,4.793324836,4.793324836,4.793324836,4.793324836,6.299075303,6.299075303
469,29.04566023,15.4356818,3.290839785,3.290839785,3.290839785,3.290839785,5.86193156,5.86193156
470,66.32760948,28.6249616,8.339348604,8.339348604,8.339348604,8.339348604,7.919450676,7.919450676
471,21.65,13.27,2.95,2.95,2.95,2.95,5.88,5.88
472,25.4957405,14.38510178,4.030566596,4.030566596,4.030566596,4.030566596,6.58167655,6.58167655
473,25.1384432,14.21069292,4.972292578,4.972292578,4.972292578,4.972292578,6.452001732,6.452001732
474,20.5,10.63,3.73,3.73,3.73,3.73,5.25,5.25
475,29,15.6,3.46,3.46,3.46,3.46,6.61,6.61
476,32.00630553,15.89626514,4.713265953,4.713265953,4.713265953,4.713265953,6.473629745,6.473629745
477,29.62,19.21,3.88,3.88,3.88,3.88,6.56,6.56
478,20.5,10.63,3.73,3.73,3.73,3.73,5.25,5.25
479,21.8,13.32,2.98,2.98,2.98,2.98,5.97,5.97
480,20.5,10.63,3.73,3.73,3.73,3.73,5.25,5.25
481,11.47058505,7.21852273,4.123726836,4.123726836,4.123726836,4.123726836,6.401034105,6.401034105
482,12.59,7.36,4.2,4.2,4.2,4.2,6.13,6.13
483,24.37235115,13.42317591,2.272980266,2.272980266,2.272980266,2.272980266,5.440823071,5.440823071
484,26.40170591,14.29894114,2.897185229,2.897185229,2.897185229,2.897185229,5.96276723,5.96276723
485,27.67946462,15.14525445,3.139471245,3.139471245,3.139471245,3.139471245,5.431044268,5.431044268
486,25.0444001,13.533882,2.366997663,2.366997663,2.366997663,2.366997663,5.757290884,5.757290884
487,21.78865134,13.31621711,2.977730268,2.977730268,2.977730268,2.977730268,5.963190805,5.963190805
488,78.2,28.59,10.54,10.54,10.54,10.54,9.47,9.47
489,26.19,14.52,4.45,4.45,4.45,4.45,5.88,5.88
490,21.65,13.27,2.95,2.95,2.95,2.95,5.88,5.88
491,23.69914371,13.73734351,3.885614669,3.885614669,3.885614669,3.885614669,6.317914371,6.317914371
492,23.8193946,13.19382356,2.906869831,2.906869831,2.906869831,2.906869831,5.313208343,5.313208343
493,19.99,10.51,3.76,3.76,3.76,3.76,5.33,5.33
494,25.09514495,14.01467617,4.370911052,4.370911052,4.370911052,4.370911052,5.925471257,5.925471257
495,36.70747261,16.92853479,6.229021919,6.229021919,6.229021919,6.229021919,6.792999471,6.792999471
496,11.59748097,7.28350041,4.253389009,4.253389009,4.253389009,4.253389009,6.394592897,6.394592897
497,21.27273639,13.00860541,3.037596292,3.037596292,3.037596292,3.037596292,5.992008339,5.992008339
498,25.78825763,13.72686823,3.917783876,3.917783876,3.917783876,3.917783876,5.48489302,5.48489302
499,20.90469394,12.68310488,4.635268931,4.635268931,4.635268931,4.635268931,5.994951119,5.994951119
500,14.34,8.4,4.21,4.21,4.21,4.21,6.08,6.08
501,21.58769181,12.95600188,4.734931741,4.734931741,4.734931741,4.734931741,6.044111092,6.044111092
502,27.57471708,15.04453566,3.111269984,3.111269984,3.111269984,3.111269984,5.334354231,5.334354231
503,37.41090393,17.32717617,6.216196251,6.216196251,6.216196251,6.216196251,6.767391437,6.767391437
504,26.87070282,14.63555635,5.183380751,5.183380751,5.183380751,5.183380751,6.510570349,6.510570349
505,22.03880855,13.05415971,3.02951079,3.02951079,3.02951079,3.02951079,6.052941899,6.052941899
506,22.03325803,12.11560143,3.10743685,3.10743685,3.10743685,3.10743685,6.109977657,6.109977657
507,14.52963309,8.423562855,4.214031503,4.214031503,4.214031503,4.214031503,6.095444944,6.095444944
508,37.06821784,17.12725685,6.402863801,6.402863801,6.402863801,6.402863801,6.813793161,6.813793161
509,26.71441187,14.31846136,4.885744189,4.885744189,4.885744189,4.885744189,6.300082923,6.300082923
510,20.75,10.79,3.75,3.75,3.75,3.75,5.29,5.29
511,31.20262825,15.08301859,2.816873929,2.816873929,2.816873929,2.816873929,5.893589608,5.893589608
512,27.2012537,14.88352088,4.524150499,4.524150499,4.524150499,4.524150499,5.99295547,5.99295547
513,20.93,12.23,2.92,2.92,2.92,2.92,5.83,5.83
514,20.5,10.63,3.73,3.73,3.73,3.73,5.25,5.25
515,19.29852437,11.58994468,3.222677538,3.222677538,3.222677538,3.222677538,4.892131183,4.892131183
516,21.78488987,13.30895798,3.012157459,3.012157459,3.012157459,3.012157459,5.970387439,5.970387439
517,21.65,13.27,2.95,2.95,2.95,2.95,5.88,5.88
518,21.02,12.75,4.64,4.64,4.64,4.64,5.99,5.99
519,38.12051991,16.72167554,4.994292173,4.994292173,4.994292173,4.994292173,6.153894069,6.153894069
520,21.14507648,11.82325857,3.207523378,3.207523378,3.207523378,3.207523378,6.282953105,6.282953105
521,37.97191068,16.35204047,3.271673414,3.271673414,3.271673414,3.271673414,5.783891138,5.783891138
522,27.97,16,5.48,5.48,5.48,5.48,6.87,6.87
523,12.59,7.36,4.2,4.2,4.2,4.2,6.13,6.13
524,14.72,8.5,4.22,4.22,4.22,4.22,6.11,6.11
525,29.4509908,15.61096966,4.941428068,4.941428068,4.941428068,4.941428068,6.336191818,6.336191818
526,21.95633551,12.06356986,3.113569856,3.113569856,3.113569856,3.113569856,6.100509979,6.100509979
527,25.17,14.22,4.98,4.98,4.98,4.98,6.46,6.46
528,32.89,16.18,4.97,4.97,4.97,4.97,6.47,6.47
529,32.56,17.21,4.39,4.39,4.39,4.39,6.91,6.91
530,30.35927635,18.70709092,4.008241816,4.008241816,4.008241816,4.008241816,6.64800909,6.64800909
531,32.56,17.21,4.39,4.39,4.39,4.39,6.91,6.91
532,27.83,15.29,3.18,3.18,3.18,3.18,5.57,5.57
533,23.34743275,11.66637921,3.969391251,3.969391251,3.969391251,3.969391251,5.459418455,5.459418455
534,29,15.6,3.46,3.46,3.46,3.46,6.61,6.61
535,19.11725721,10.61514484,3.653285375,3.653285375,3.653285375,3.653285375,6.052865743,6.052865743
536,22.02626723,11.20751942,3.899014397,3.899014397,3.899014397,3.899014397,5.42300259,5.42300259
537,31.38,16.02,4.97,4.97,4.97,4.97,6.5,6.5
538,27.57,15.04,3.11,3.11,3.11,3.11,5.33,5.33
539,28.08,15.26,3.07,3.07,3.07,3.07,5.2,5.2
540,28.37559049,15.21945796,4.68553038,4.68553038,4.68553038,4.68553038,6.142062526,6.142062526
541,26.19,14.52,4.45,4.45,4.45,4.45,5.88,5.88
542,34.2870685,18.15598553,7.815849006,7.815849006,7.815849006,7.815849006,7.159451518,7.159451518
543,21.65,13.27,2.95,2.95,2.95,2.95,5.88,5.88
544,34.93429229,16.3888258,5.351405165,5.351405165,5.351405165,5.351405165,6.559387148,6.559387148
545,29,15.6,3.46,3.46,3.46,3.46,6.61,6.61
546,23,13.58,4.45,4.45,4.45,4.45,5.91,5.91
547,32.89,16.18,4.97,4.97,4.97,4.97,6.47,6.47
548,24.62211027,13.94616769,4.211057954,4.211057954,4.211057954,4.211057954,6.075537431,6.075537431
549,31.38,16.02,4.97,4.97,4.97,4.97,6.5,6.5
550,31.92386798,16.13449852,4.962843842,4.962843842,4.962843842,4.962843842,6.342564531,6.342564531
551,26.08055469,13.74790879,5.641051552,5.641051552,5.641051552,5.641051552,7.034425727,7.034425727
552,25.06895193,13.87591735,4.849163539,4.849163539,4.849163539,4.849163539,6.35755041,6.35755041
553,20.0543831,10.29704051,3.764952546,3.764952546,3.764952546,3.764952546,5.359715278,5.359715278
554,19.59268874,10.06147248,2.205391185,2.205391185,2.205391185,2.205391185,5.822377865,5.822377865
555,11.42801705,6.968893544,4.20566821,4.20566821,4.20566821,4.20566821,6.305714495,6.305714495
556,27.24,14.78,3.39,3.39,3.39,3.39,6.18,6.18
557,20.23633541,11.67629463,2.363210432,2.363210432,2.363210432,2.363210432,5.404035782,5.404035782
558,20.93,12.23,2.92,2.92,2.92,2.92,5.83,5.83
559,21.8,13.32,2.98,2.98,2.98,2.98,5.97,5.97
560,12.67460908,7.365055397,4.154478204,4.154478204,4.154478204,4.154478204,5.95781823,5.95781823
561,32.42251742,16.0714001,4.771972554,4.771972554,4.771972554,4.771972554,6.544944854,6.544944854
562,10.59186394,6.687456642,4.209747005,4.209747005,4.209747005,4.209747005,6.432157161,6.432157161
563,23.8678705,13.75676691,5.120549074,5.120549074,5.120549074,5.120549074,6.26650747,6.26650747
564,20.93329197,12.23015676,2.911691689,2.911691689,2.911691689,2.911691689,5.829216197,5.829216197
565,23.21415532,12.92866737,2.495487941,2.495487941,2.495487941,2.495487941,5.302153724,5.302153724
566,41.62492764,17.51157369,10.0993736,10.0993736,10.0993736,10.0993736,7.631532888,7.631532888
567,32.11073645,16.17383925,4.960385047,4.960385047,4.960385047,4.960385047,6.288471028,6.288471028
568,31.00862477,15.68553528,4.442018928,4.442018928,4.442018928,4.442018928,6.426358863,6.426358863
569,35.38033331,17.99151469,8.932996375,8.932996375,8.932996375,8.932996375,7.594526456,7.594526456
570,11.14104252,6.872302116,4.207068085,4.207068085,4.207068085,4.207068085,6.349110644,6.349110644
571,31.76087642,19.40695407,6.042407926,6.042407926,6.042407926,6.042407926,6.098312762,6.098312762
572,32.1246208,16.14213329,4.964559838,4.964559838,4.964559838,4.964559838,6.37373693,6.37373693
573,14.63200219,8.476842682,4.217684268,4.217684268,4.217684268,4.217684268,6.103052805,6.103052805
574,33.86037092,16.78965036,8.754998675,8.754998675,8.754998675,8.754998675,7.414214928,7.414214928
575,32.54762903,16.11801792,4.77995005,4.77995005,4.77995005,4.77995005,6.450208419,6.450208419
576,28.10195509,15.36205648,3.24508327,3.24508327,3.24508327,3.24508327,5.811737859,5.811737859
577,19.806691,11.27833052,4.592906692,4.592906692,4.592906692,4.592906692,6.071108738,6.071108738
578,36.7189682,17.02026542,5.729060719,5.729060719,5.729060719,5.729060719,6.543711065,6.543711065
579,26.19,14.52,4.45,4.45,4.45,4.45,5.88,5.88
580,20.06149724,13.94759959,3.422012793,3.422012793,3.422012793,3.422012793,4.768405852,4.768405852
581,25.69168554,14.11317544,3.272931142,3.272931142,3.272931142,3.272931142,6.036253072,6.036253072
582,29.24044268,15.98849339,4.361724384,4.361724384,4.361724384,4.361724384,6.808207782,6.808207782
583,20.54334881,11.64599815,4.721193599,4.721193599,4.721193599,4.721193599,6.120042919,6.120042919
584,20.15775589,11.62731308,2.360824432,2.360824432,2.360824432,2.360824432,5.371542055,5.371542055
585,24.8217844,13.81433123,5.297791605,5.297791605,5.297791605,5.297791605,6.401943278,6.401943278
586,20.5,10.63,3.73,3.73,3.73,3.73,5.25,5.25
587,28.2099024,15.390469,3.274446787,3.274446787,3.274446787,3.274446787,5.908468754,5.908468754
588,20.13,11.61,2.36,2.36,2.36,2.36,5.36,5.36
589,43.6427628,19.36996569,7.329263051,7.329263051,7.329263051,7.329263051,7.610229503,7.610229503
590,25.36,14.05,5.56,5.56,5.56,5.56,6.44,6.44
591,26.12778761,15.04985697,3.848073677,3.848073677,3.848073677,3.848073677,5.938548055,5.938548055
592,25.89630485,13.64873022,5.584622366,5.584622366,5.584622366,5.584622366,7.02865456,7.02865456
593,24.7380007,13.96295183,4.250220925,4.250220925,4.250220925,4.250220925,6.038772193,6.038772193
594,31.82306596,17.71131568,4.262164503,4.262164503,4.262164503,4.262164503,6.822269757,6.822269757
595,32.9,16.14,4.97,4.97,4.97,4.97,6.55,6.55
596,32.89005169,16.17979323,4.97,4.97,4.97,4.97,6.470413538,6.470413538
597,21.8,13.32,2.98,2.98,2.98,2.98,5.97,5.97
598,40.46,17.83,6.8,6.8,6.8,6.8,7.04,7.04
599,38.66185703,16.47023845,3.947875811,3.947875811,3.947875811,3.947875811,6.009291937,6.009291937
600,14.69617111,8.487142185,4.21961507,4.21961507,4.21961507,4.21961507,6.10973613,6.10973613
601,13.7724018,8.051196639,4.187803422,4.187803422,4.187803422,4.187803422,6.038777785,6.038777785
602,31.38,16.02,4.97,4.97,4.97,4.97,6.5,6.5
603,20.93,12.23,2.92,2.92,2.92,2.92,5.83,5.83
604,27.57,15.04,3.11,3.11,3.11,3.11,5.33,5.33
605,22.80508554,12.72915251,3.272295951,3.272295951,3.272295951,3.272295951,5.459538237,5.459538237
606,25.61589728,14.21684974,4.437802194,4.437802194,4.437802194,4.437802194,5.883003657,5.883003657
607,32.89998253,16.14006987,4.97,4.97,4.97,4.97,6.549860252,6.549860252
608,40.46849439,17.96496801,6.887493663,6.887493663,6.887493663,6.887493663,6.870868709,6.870868709
609,22.42499976,12.36767705,3.096141736,3.096141736,3.096141736,3.096141736,6.148425208,6.148425208
610,40.60529002,18.00794084,6.945290025,6.945290025,6.945290025,6.945290025,6.854414152,6.854414152
611,21.02873498,10.88944059,4.331576774,4.331576774,4.331576774,4.331576774,5.509974635,5.509974635
612,20.43298162,10.63233797,3.740153381,3.740153381,3.740153381,3.740153381,5.274689487,5.274689487
613,14.72,8.5,4.22,4.22,4.22,4.22,6.11,6.11
614,23.01445461,13.58426311,4.453530388,4.453530388,4.453530388,4.453530388,5.913663611,5.913663611
615,27.97,16,5.48,5.48,5.48,5.48,6.87,6.87
616,26.21528385,14.53136988,4.461589741,4.461589741,4.461589741,4.461589741,5.8844286,5.8844286
617,20.60208351,11.68111024,4.708264588,4.708264588,4.708264588,4.708264588,6.125190141,6.125190141
618,25.75721211,14.01112039,3.11,3.11,3.11,3.11,5.281005733,5.281005733
619,11.59418133,7.292584891,4.094845201,4.094845201,4.094845201,4.094845201,6.39599776,6.39599776
620,21.8,13.32,2.98,2.98,2.98,2.98,5.97,5.97
621,20.93759252,12.23036155,2.900837925,2.900837925,2.900837925,2.900837925,5.828192257,5.828192257
622,31.56274719,16.07221348,5.041882947,5.041882947,5.041882947,5.041882947,6.51680845,6.51680845
623,37.96,16.35,3.26,3.26,3.26,3.26,5.78,5.78
624,25.24204797,13.9903075,4.585289068,4.585289068,4.585289068,4.585289068,6.022183287,6.022183287
625,40.47934545,17.89577453,6.819345451,6.819345451,6.819345451,6.819345451,6.989701827,6.989701827
626,12.5958426,7.345550402,4.17289876,4.17289876,4.17289876,4.17289876,6.047792591,6.047792591
627,29.27649604,15.22339722,5.471080651,5.471080651,5.471080651,5.471080651,6.58210654,6.58210654
628,20.12,10.08,3.77,3.77,3.77,3.77,5.39,5.39
629,22.51920032,12.72792737,3.259343123,3.259343123,3.259343123,3.259343123,6.211999183,6.211999183
630,12.61363598,7.894660681,3.983483814,3.983483814,3.983483814,3.983483814,6.353445035,6.353445035
631,12.59,7.36,4.2,4.2,4.2,4.2,6.13,6.13
632,28.44,15.27,6.72,6.72,6.72,6.72,6.86,6.86
633,27.57,15.04,3.11,3.11,3.11,3.11,5.33,5.33
634,37.96,16.35,3.26,3.26,3.26,3.26,5.78,5.78
635,20.12,10.08,3.77,3.77,3.77,3.77,5.39,5.39
636,29.15837757,18.95149144,3.556864296,3.556864296,3.556864296,3.556864296,4.907391686,4.907391686
637,28.4477357,15.27455854,6.674967165,6.674967165,6.674967165,6.674967165,6.856546562,6.856546562
638,20.5,10.63,3.73,3.73,3.73,3.73,5.25,5.25
639,14.23555026,8.299103693,4.23652308,4.23652308,4.23652308,4.23652308,6.068489715,6.068489715
640,26.23121145,13.79134077,2.433201933,2.433201933,2.433201933,2.433201933,6.094232628,6.094232628
641,21.65,13.27,2.95,2.95,2.95,2.95,5.88,5.88
642,23.70408708,12.56460539,3.35210151,3.35210151,3.35210151,3.35210151,5.306933246,5.306933246
643,27.97,16,5.48,5.48,5.48,5.48,6.87,6.87
644,22.74078031,12.90498238,3.457688849,3.457688849,3.457688849,3.457688849,6.209597906,6.209597906
645,27.13825094,14.28003494,2.489991782,2.489991782,2.489991782,2.489991782,6.099569544,6.099569544
646,20.98301019,12.30657027,2.922208758,2.922208758,2.922208758,2.922208758,5.833681263,5.833681263
647,40.21889248,17.8992767,6.804284148,6.804284148,6.804284148,6.804284148,6.89356792,6.89356792
648,33.98063929,18.00039052,8.060567021,8.060567021,8.060567021,8.060567021,7.281876173,7.281876173
649,14.34,8.4,4.21,4.21,4.21,4.21,6.08,6.08
650,27.27,14.63,4.97,4.97,4.97,4.97,6.26,6.26
651,33.97107933,16.58604014,5.576007888,5.576007888,5.576007888,5.576007888,6.59580705,6.59580705
652,21.00599842,12.23361897,2.728194471,2.728194471,2.728194471,2.728194471,5.811905139,5.811905139
653,20.93,12.23,2.92,2.92,2.92,2.92,5.83,5.83
654,15.76167027,9.145100301,4.266841858,4.266841858,4.266841858,4.266841858,6.060650677,6.060650677
655,30.07,15.71,3.41,3.41,3.41,3.41,6.23,6.23
656,20.5,10.63,3.73,3.73,3.73,3.73,5.25,5.25
657,32.89713587,16.1514565,4.97,4.97,4.97,4.97,6.527086991,6.527086991
658,28.45087824,14.85574837,4.946969537,4.946969537,4.946969537,4.946969537,6.406666227,6.406666227
659,27.57,15.04,3.11,3.11,3.11,3.11,5.33,5.33
660,21.14378339,15.23326034,3.50268419,3.50268419,3.50268419,3.50268419,4.72447365,4.72447365
661,24.99460431,13.52959357,2.40372867,2.40372867,2.40372867,2.40372867,5.718156942,5.718156942
662,19.6917425,12.80502411,3.325410202,3.325410202,3.325410202,3.325410202,4.828366081,4.828366081
663,28.3948307,15.2687453,6.262033477,6.262033477,6.262033477,6.262033477,6.651719335,6.651719335
664,29.02380074,15.60244681,3.458887816,3.458887816,3.458887816,3.458887816,6.601547399,6.601547399
665,27.261989,14.40168511,2.665221035,2.665221035,2.665221035,2.665221035,6.012928156,6.012928156
666,27.95551504,15.32325612,3.210037787,3.210037787,3.210037787,3.210037787,5.681568922,5.681568922
667,28.86307976,15.51931486,4.257071387,4.257071387,4.257071387,4.257071387,6.671125106,6.671125106
668,21.78679328,12.35153975,3.090880031,3.090880031,3.090880031,3.090880031,6.129229544,6.129229544
669,21.31196663,12.76255948,2.937390641,2.937390641,2.937390641,2.937390641,5.859717262,5.859717262
670,25.51974836,13.87634366,3.11,3.11,3.11,3.11,5.274587793,5.274587793
671,45.39729294,19.6468408,8.144197919,8.144197919,8.144197919,8.144197919,7.695564403,7.695564403
672,27.97,16,5.48,5.48,5.48,5.48,6.87,6.87
673,20.93,12.23,2.92,2.92,2.92,2.92,5.83,5.83
674,20.93,12.23,2.92,2.92,2.92,2.92,5.83,5.83
675,25.6227759,14.15432018,4.46117823,4.46117823,4.46117823,4.46117823,5.906374602,5.906374602
676,24.64186442,13.58466466,3.828609692,3.828609692,3.828609692,3.828609692,6.008832159,6.008832159
677,28.03737584,15.26946767,3.400354044,3.400354044,3.400354044,3.400354044,5.442496421,5.442496421
678,36.11282176,16.12131848,4.952636032,4.952636032,4.952636032,4.952636032,6.461676881,6.461676881
679,20.5,10.63,3.73,3.73,3.73,3.73,5.25,5.25
680,22.76,12.71,2.26,2.26,2.26,2.26,5.34,5.34
681,28.69695426,15.29030137,4.683733613,4.683733613,4.683733613,4.683733613,6.174442148,6.174442148
682,22.6,11.45,7.61,7.61,7.61,7.61,6.75,6.75
683,20.75,10.79,3.75,3.75,3.75,3.75,5.29,5.29
684,21.8,13.32,2.98,2.98,2.98,2.98,5.97,5.97
685,30.30866291,16.00668405,7.210061729,7.210061729,7.210061729,7.210061729,7.009238449,7.009238449
686,24.72039913,14.01716052,3.745516811,3.745516811,3.745516811,3.745516811,6.318665672,6.318665672
687,24.41059939,13.30529814,2.337311447,2.337311447,2.337311447,2.337311447,5.641514643,5.641514643
688,25.27,14.04,4.43,4.43,4.43,4.43,5.87,5.87
689,24.76192176,13.22370208,3.000611139,3.000611139,3.000611139,3.000611139,6.021776464,6.021776464
690,27.91624772,15.11494423,3.209119789,3.209119789,3.209119789,3.209119789,5.375933561,5.375933561
691,41.72550301,20.07813767,4.922875486,4.922875486,4.922875486,4.922875486,7.07097629,7.07097629
692,27.91447654,15.94759812,6.440717054,6.440717054,6.440717054,6.440717054,6.564240718,6.564240718
693,10.54,6.67,4.21,4.21,4.21,4.21,6.44,6.44
694,20.75,10.79,3.75,3.75,3.75,3.75,5.29,5.29
695,32.14,16.18,4.96,4.96,4.96,4.96,6.28,6.28
696,30.44641205,15.77348496,3.694052712,3.694052712,3.694052712,3.694052712,6.332510336,6.332510336
697,26.59296283,14.71656723,4.459828362,4.459828362,4.459828362,4.459828362,5.919313447,5.919313447
698,25.16451225,13.87143619,4.881532464,4.881532464,4.881532464,4.881532464,6.343054583,6.343054583
699,37.97071019,16.35183481,3.270496837,3.270496837,3.270496837,3.270496837,5.783498946,5.783498946
700,34.61456313,16.17160462,4.56887104,4.56887104,4.56887104,4.56887104,6.601049126,6.601049126
701,21.99379943,12.28783433,5.202293804,5.202293804,5.202293804,5.202293804,6.359532577,6.359532577
702,30.07,15.71,3.41,3.41,3.41,3.41,6.23,6.23
703,25.13499357,13.85464034,4.904640341,4.904640341,4.904640341,4.904640341,6.356377192,6.356377192
704,37.78958075,17.25199614,6.035543286,6.035543286,6.035543286,6.035543286,6.685739572,6.685739572
705,26.72226161,14.15425917,2.438344335,2.438344335,2.438344335,2.438344335,6.041355744,6.041355744
706,27.97,16,5.48,5.48,5.48,5.48,6.87,6.87
707,20.48520541,10.60858678,3.731557325,3.731557325,3.731557325,3.731557325,5.255450637,5.255450637
708,22.18862418,12.74925202,2.817786129,2.817786129,2.817786129,2.817786129,5.914347607,5.914347607
709,31.38,16.02,4.97,4.97,4.97,4.97,6.5,6.5
710,31.90283356,16.85869056,4.495108753,4.495108753,4.495108753,4.495108753,6.920416183,6.920416183
711,26.95063143,14.68846649,3.11,3.11,3.11,3.11,5.313260309,5.313260309
712,22.61349472,12.43385771,3.483857705,3.483857705,3.483857705,3.483857705,6.153408244,6.153408244
713,27.97,16,5.48,5.48,5.48,5.48,6.87,6.87
714,27.97259201,15.12713978,3.22524938,3.22524938,3.22524938,3.22524938,5.383408249,5.383408249
715,24.39665159,13.53853188,5.464946108,5.464946108,5.464946108,5.464946108,6.451152475,6.451152475
716,32.59043004,16.18,4.966005734,4.966005734,4.966005734,4.966005734,6.394108943,6.394108943
717,25.95299524,14.66557291,4.079367496,4.079367496,4.079367496,4.079367496,6.525371614,6.525371614
718,20.7494074,10.78978167,3.750007797,3.750007797,3.750007797,3.750007797,5.290031189,5.290031189
719,25.53984971,13.9795856,2.735646623,2.735646623,2.735646623,2.735646623,5.741816935,5.741816935
720,37.96,16.35,3.26,3.26,3.26,3.26,5.78,5.78
721,26.30126876,14.3579203,4.445709533,4.445709533,4.445709533,4.445709533,5.883800507,5.883800507
722,31.14521364,16.5729097,4.445788185,4.445788185,4.445788185,4.445788185,6.866129396,6.866129396
723,20.13609465,11.61,2.366094651,2.366094651,2.366094651,2.366094651,5.341716047,5.341716047
724,41.44134655,17.8631908,3.667390975,3.667390975,3.667390975,3.667390975,6.125266608,6.125266608
725,34.46296121,21.70959373,9.649668192,9.649668192,9.649668192,9.649668192,7.308793709,7.308793709
726,21.53870062,13.12905046,3.536098674,3.536098674,3.536098674,3.536098674,5.976699984,5.976699984
727,32.0655411,16.16432444,4.960979722,4.960979722,4.960979722,4.960979722,6.301553891,6.301553891
728,22.6168058,12.61775801,5.270749134,5.270749134,5.270749134,5.270749134,6.377973882,6.377973882
729,21.66242379,13.27414126,2.952484758,2.952484758,2.952484758,2.952484758,5.887454273,5.887454273
730,27.57,15.04,3.11,3.11,3.11,3.11,5.33,5.33
731,28.28052443,13.4645636,4.756045765,4.756045765,4.756045765,4.756045765,5.965799299,5.965799299
732,30.04699486,15.71403746,5.043004591,5.043004591,5.043004591,5.043004591,6.362675351,6.362675351
733,30.07,15.71,3.41,3.41,3.41,3.41,6.23,6.23
734,25.17,14.22,4.98,4.98,4.98,4.98,6.46,6.46
735,21.79192717,13.31730906,2.978385434,2.978385434,2.978385434,2.978385434,5.965156302,5.965156302
736,64.52444843,24.91884045,12.93976516,12.93976516,12.93976516,12.93976516,8.627125224,8.627125224
737,28.04064855,14.81696553,5.076920913,5.076920913,5.076920913,5.076920913,6.305572848,6.305572848
738,30.182622,16.75518518,6.418688121,6.418688121,6.418688121,6.418688121,7.018213914,7.018213914
739,30.23395674,15.7676435,4.980900649,4.980900649,4.980900649,4.980900649,6.383614833,6.383614833
740,38.36192849,17.32926141,6.51116644,6.51116644,6.51116644,6.51116644,6.908963756,6.908963756
741,27.97,16,5.48,5.48,5.48,5.48,6.87,6.87
742,10.54,6.67,4.21,4.21,4.21,4.21,6.44,6.44
743,24.12339663,13.2202277,3.132713526,3.132713526,3.132713526,3.132713526,5.523624335,5.523624335
744,21.8,13.32,2.98,2.98,2.98,2.98,5.97,5.97
745,22.76,12.71,2.26,2.26,2.26,2.26,5.34,5.34
746,29.17181867,15.48540316,4.945085345,4.945085345,4.945085345,4.945085345,6.32643908,6.32643908
747,24.81983893,13.40493385,3.176903692,3.176903692,3.176903692,3.176903692,5.282164308,5.282164308
748,25.42152892,13.95205143,4.931253068,4.931253068,4.931253068,4.931253068,6.363445938,6.363445938
749,29.28884119,15.4512748,4.74688473,4.74688473,4.74688473,4.74688473,6.246261065,6.246261065
750,26.72098231,14.31769445,3.365552637,3.365552637,3.365552637,3.365552637,5.992584142,5.992584142
751,28.35012347,15.28305354,3.82739997,3.82739997,3.82739997,3.82739997,5.72594206,5.72594206
752,16.51355302,10.13557275,4.455098073,4.455098073,4.455098073,4.455098073,6.183502017,6.183502017
753,24.57422064,13.66936932,5.377008659,5.377008659,5.377008659,5.377008659,6.390285206,6.390285206
754,37.58324172,17.44876895,6.474628443,6.474628443,6.474628443,6.474628443,6.835647685,6.835647685
755,26.44235899,14.64310195,4.456155097,4.456155097,4.456155097,4.456155097,5.90462039,5.90462039
756,24.62837387,13.16647361,3.013968814,3.013968814,3.013968814,3.013968814,6.023291875,6.023291875
757,27.97,16,5.48,5.48,5.48,5.48,6.87,6.87
758,40.51512326,18.00042694,6.855123259,6.855123259,6.855123259,6.855123259,6.907011432,6.907011432
759,30.04148393,15.34456404,4.252444032,4.252444032,4.252444032,4.252444032,6.33846253,6.33846253
760,22.18,12.25,3.1,3.1,3.1,3.1,6.16,6.16
761,23.95570729,13.09709669,3.106219558,3.106219558,3.106219558,3.106219558,5.542218458,5.542218458
762,27.4,14.64,3.39,3.39,3.39,3.39,6.08,6.08
763,21.02,12.75,4.64,4.64,4.64,4.64,5.99,5.99
764,24.13,13.22,3.14,3.14,3.14,3.14,5.53,5.53
765,32.89,16.18,4.97,4.97,4.97,4.97,6.47,6.47
766,31.79853311,15.97263931,4.36283097,4.36283097,4.36283097,4.36283097,6.425452507,6.425452507
767,14.72,8.5,4.22,4.22,4.22,4.22,6.11,6.11
768,25.61236374,14.33618756,4.072434993,4.072434993,4.072434993,4.072434993,6.058274989,6.058274989
769,27.83,15.29,3.18,3.18,3.18,3.18,5.57,5.57
770,27.97,16,5.48,5.48,5.48,5.48,6.87,6.87
771,32.40409256,16.18,4.963521234,4.963521234,4.963521234,4.963521234,6.346903449,6.346903449
772,34.06123307,21.30880779,8.763049295,8.763049295,8.763049295,8.763049295,7.390848364,7.390848364
773,44.71096581,19.07119801,9.108366232,9.108366232,9.108366232,9.108366232,7.342661702,7.342661702
774,25.67756226,17.33453228,3.51821083,3.51821083,3.51821083,3.51821083,4.750351383,4.750351383
775,12.59,7.36,4.2,4.2,4.2,4.2,6.13,6.13
776,32.89,16.18,4.97,4.97,4.97,4.97,6.47,6.47
777,22.05469998,12.14414309,3.061113787,3.061113787,3.061113787,3.061113787,6.147469998,6.147469998
778,11.11257899,6.95513043,4.262158005,4.262158005,4.262158005,4.262158005,6.44,6.44
779,20.5,10.63,3.73,3.73,3.73,3.73,5.25,5.25
780,30.98769852,15.58018117,4.960091702,4.960091702,4.960091702,4.960091702,6.502935585,6.502935585
781,24.49520508,14.02059335,4.45,4.45,4.45,4.45,5.89593851,5.89593851
782,20.02753866,10.51883262,3.757791844,3.757791844,3.757791844,3.757791844,5.324111583,5.324111583
783,22.6,11.45,7.61,7.61,7.61,7.61,6.75,6.75
784,32.9,16.14,4.97,4.97,4.97,4.97,6.55,6.55
785,24.15467777,13.76864241,4.230054071,4.230054071,4.230054071,4.230054071,6.458293147,6.458293147
786,40.50101715,17.96945832,6.841017153,6.841017153,6.841017153,6.841017153,6.933355403,6.933355403
787,19.83865418,10.19935477,2.207743721,2.207743721,2.207743721,2.207743721,5.82132518,5.82132518
788,21.68504797,13.23599659,3.224641497,3.224641497,3.224641497,3.224641497,5.972947488,5.972947488
789,21.35032489,12.83713595,2.937513537,2.937513537,2.937513537,2.937513537,5.859189229,5.859189229
790,23.57181243,12.92448893,3.090748156,3.090748156,3.090748156,3.090748156,5.997892521,5.997892521
791,40.46,17.83,6.8,6.8,6.8,6.8,7.04,7.04
792,32.82379131,16.18,4.969117217,4.969117217,4.969117217,4.969117217,6.453227131,6.453227131
793,23,13.58,4.45,4.45,4.45,4.45,5.91,5.91
794,23.52031558,12.34383426,3.468763989,3.468763989,3.468763989,3.468763989,5.362614908,5.362614908
795,25.3669822,13.93577939,4.930970076,4.930970076,4.930970076,4.930970076,6.36266771,6.36266771
796,12.59,7.36,4.2,4.2,4.2,4.2,6.13,6.13
797,40.63917323,18.00082677,6.841574838,6.841574838,6.841574838,6.841574838,6.913385807,6.913385807
798,31.66336185,16.07965513,4.966271555,4.966271555,4.966271555,4.966271555,6.417974201,6.417974201
799,40.62343824,18.00842492,6.949200721,6.949200721,6.949200721,6.949200721,6.851974718,6.851974718
800,30.22898056,15.55727152,4.161707868,4.161707868,4.161707868,4.161707868,6.422242871,6.422242871
801,20.29308023,10.65587812,2.514404208,2.514404208,2.514404208,2.514404208,5.971308023,5.971308023
802,26.44198367,14.64291886,4.456145943,4.456145943,4.456145943,4.456145943,5.904583773,5.904583773
803,22.18,12.25,3.1,3.1,3.1,3.1,6.16,6.16
804,24.29033971,13.38164878,2.269450253,2.269450253,2.269450253,2.269450253,5.43345555,5.43345555
805,27.8585392,14.76505615,3.521725806,3.521725806,3.521725806,3.521725806,6.119184259,6.119184259
806,14.1616304,8.19215833,4.200858214,4.200858214,4.200858214,4.200858214,6.073196063,6.073196063
807,27.27,14.63,4.97,4.97,4.97,4.97,6.26,6.26
808,23.08058985,11.87892573,5.460043224,5.460043224,5.460043224,5.460043224,7.029654209,7.029654209
809,28.44,15.27,6.72,6.72,6.72,6.72,6.86,6.86
810,29.08280372,15.60851253,3.456130667,3.456130667,3.456130667,3.456130667,6.580593072,6.580593072
811,12.73733273,7.41057623,4.148464639,4.148464639,4.148464639,4.148464639,5.967743158,5.967743158
812,24.62021551,13.57047211,3.178203834,3.178203834,3.178203834,3.178203834,5.747529912,5.747529912
813,18.16197197,9.711648164,3.428773878,3.428773878,3.428773878,3.428773878,6.449080408,6.449080408
814,23.41360384,12.25504613,5.37711541,5.37711541,5.37711541,5.37711541,7.005344457,7.005344457
815,27.65171931,16.39325214,5.467027577,5.467027577,5.467027577,5.467027577,6.003907247,6.003907247
816,23.56373991,13.27495021,3.110806652,3.110806652,3.110806652,3.110806652,6.147312856,6.147312856
817,27.46425197,15.57372666,5.477935722,5.477935722,5.477935722,5.477935722,6.886514221,6.886514221
818,32.89414817,16.16340731,4.97,4.97,4.97,4.97,6.503185372,6.503185372
819,27.4765154,14.37573136,5.007134227,5.007134227,5.007134227,5.007134227,6.977266512,6.977266512
820,28.31505936,15.20578868,3.465287067,3.465287067,3.465287067,3.465287067,6.391940288,6.391940288
821,23.79925527,13.80453138,3.932613994,3.932613994,3.932613994,3.932613994,6.326801325,6.326801325
822,35.77159383,16.83670382,6.202610732,6.202610732,6.202610732,6.202610732,6.754184282,6.754184282
823,32.56,17.21,4.39,4.39,4.39,4.39,6.91,6.91
824,30.48575038,16.329981,4.201547289,4.201547289,4.201547289,4.201547289,6.765457073,6.765457073
825,45.09,19.11,9.11,9.11,9.11,9.11,7.33,7.33
826,28.17049595,16.06843083,5.565058887,5.565058887,5.565058887,5.565058887,6.883430351,6.883430351
827,63.64193714,24.42175971,9.911246454,9.911246454,9.911246454,9.911246454,8.529068121,8.529068121
828,29.21658281,14.59671621,8.3695963,8.3695963,8.3695963,8.3695963,7.173245204,7.173245204
829,26.19,14.52,4.45,4.45,4.45,4.45,5.88,5.88
830,30.80460576,15.8961945,4.958722279,4.958722279,4.958722279,4.958722279,6.437690812,6.437690812
831,21.14,12.24,2.39,2.39,2.39,2.39,5.78,5.78
832,37.96,16.35,3.26,3.26,3.26,3.26,5.78,5.78
833,26.3525602,14.35066331,3.111122555,3.111122555,3.111122555,3.111122555,5.300832292,5.300832292
834,21.5182057,13.1140734,3.57971607,3.57971607,3.57971607,3.57971607,5.977225495,5.977225495
835,21.85509428,12.3686763,3.102069343,3.102069343,3.102069343,3.102069343,6.133892095,6.133892095
836,32.68719567,16.11581989,4.968943395,4.968943395,4.968943395,4.968943395,6.473944963,6.473944963
837,23.82,13.83,3.94,3.94,3.94,3.94,6.33,6.33
838,26.19,14.52,4.45,4.45,4.45,4.45,5.88,5.88
839,33.25232889,15.4303528,2.883339117,2.883339117,2.883339117,2.883339117,5.837844612,5.837844612
840,29,15.6,3.46,3.46,3.46,3.46,6.61,6.61
841,21.14043276,12.83800856,4.38369438,4.38369438,4.38369438,4.38369438,5.98691198,5.98691198
842,31.69816743,15.87757956,3.991635431,3.991635431,3.991635431,3.991635431,6.607647631,6.607647631
843,28.77842826,13.53928395,4.725784252,4.725784252,4.725784252,4.725784252,5.824188213,5.824188213
844,25.13506914,13.45350955,3.29448301,3.29448301,3.29448301,3.29448301,5.337243912,5.337243912
845,20.28579896,10.19729563,3.749076996,3.749076996,3.749076996,3.749076996,5.386195817,5.386195817
846,40.23527161,17.77547909,6.768820852,6.768820852,6.768820852,6.768820852,7.026710527,7.026710527
847,28.8438615,15.01183145,5.18835986,5.18835986,5.18835986,5.18835986,6.353071416,6.353071416
848,29.29648854,15.60029756,3.392902146,3.392902146,3.392902146,3.392902146,6.273146679,6.273146679
849,20.12,10.08,3.77,3.77,3.77,3.77,5.39,5.39
850,29,15.6,3.46,3.46,3.46,3.46,6.61,6.61
851,31.38,16.02,4.97,4.97,4.97,4.97,6.5,6.5
852,29,15.6,3.46,3.46,3.46,3.46,6.61,6.61
853,32.7115089,16.16108704,4.97,4.97,4.97,4.97,6.473546181,6.473546181
854,24.02269102,13.85935525,4.008495585,4.008495585,4.008495585,4.008495585,6.265698022,6.265698022
855,27.67035443,15.13649464,3.137018501,3.137018501,3.137018501,3.137018501,5.422634859,5.422634859
856,20.5,10.63,3.73,3.73,3.73,3.73,5.25,5.25
857,26.213594,14.59746762,4.945605324,4.945605324,4.945605324,4.945605324,6.357927959,6.357927959
858,27.79476086,15.25611621,3.170512539,3.170512539,3.170512539,3.170512539,5.537471564,5.537471564
859,24.72719219,12.00543909,3.619312889,3.619312889,3.619312889,3.619312889,5.948549774,5.948549774
860,21.04776299,12.77028834,4.580914662,4.580914662,4.580914662,4.580914662,5.989288128,5.989288128
861,32.17585516,16.18,4.960478069,4.960478069,4.960478069,4.960478069,6.289083308,6.289083308
862,42.1784901,18.3514707,3.895120838,3.895120838,3.895120838,3.895120838,6.26444338,6.26444338
863,20.28002432,11.50714757,4.375841222,4.375841222,4.375841222,4.375841222,5.970785199,5.970785199
864,27.93306988,14.92823667,4.961313495,4.961313495,4.961313495,4.961313495,6.283164013,6.283164013
865,20.63963619,10.75875377,2.463517118,2.463517118,2.463517118,2.463517118,5.774685298,5.774685298
866,27.21889577,14.38833865,2.669475739,2.669475739,2.669475739,2.669475739,6.000232611,6.000232611
867,32.89356696,16.16573217,4.97,4.97,4.97,4.97,6.49853566,6.49853566
868,25.12820615,13.90604301,4.791432782,4.791432782,4.791432782,4.791432782,6.271107744,6.271107744
869,32.85691269,16.12824892,4.957622191,4.957622191,4.957622191,4.957622191,6.546317993,6.546317993
870,22.3929279,13.44704694,2.660399608,2.660399608,2.660399608,2.660399608,5.19161225,5.19161225
871,22.54846546,12.40569971,2.436406343,2.436406343,2.436406343,2.436406343,5.396988157,5.396988157
872,22.36970965,12.35301779,3.200568822,3.200568822,3.200568822,3.200568822,6.166467272,6.166467272
873,27.76966829,14.74081863,3.496195619,3.496195619,3.496195619,3.496195619,6.111589836,6.111589836
874,24.13,13.22,3.14,3.14,3.14,3.14,5.53,5.53
875,25.27,14.04,4.43,4.43,4.43,4.43,5.87,5.87
876,29.12,18.93,3.53,3.53,3.53,3.53,4.77,4.77
877,27.97,16,5.48,5.48,5.48,5.48,6.87,6.87
878,26.97553809,14.7026027,3.11,3.11,3.11,3.11,5.313933462,5.313933462
879,28.64771255,14.77254711,4.734164632,4.734164632,4.734164632,4.734164632,6.004828968,6.004828968
880,29.62337575,15.66621331,4.749872761,4.749872761,4.749872761,4.749872761,6.326330721,6.326330721
881,36.9532392,16.0217857,6.13118905,6.13118905,6.13118905,6.13118905,6.651079158,6.651079158
882,30.5859704,16.08510671,4.600076334,4.600076334,4.600076334,4.600076334,5.914023835,5.914023835
883,38.34904992,17.97297078,6.55511617,6.55511617,6.55511617,6.55511617,7.301459376,7.301459376
884,25.27,14.04,4.43,4.43,4.43,4.43,5.87,5.87
885,23.82,13.83,3.94,3.94,3.94,3.94,6.33,6.33
886,27.59005985,15.05928832,3.115400729,3.115400729,3.115400729,3.115400729,5.348516786,5.348516786
887,14.72,8.5,4.22,4.22,4.22,4.22,6.11,6.11
888,20.12,10.08,3.77,3.77,3.77,3.77,5.39,5.39
889,22.18,12.25,3.1,3.1,3.1,3.1,6.16,6.16
890,20.23825974,10.16366368,3.755076209,3.755076209,3.755076209,3.755076209,5.387286583,5.387286583
891,26.19,14.52,4.45,4.45,4.45,4.45,5.88,5.88
892,26.22700476,13.78892531,2.433060805,2.433060805,2.433060805,2.433060805,6.094096928,6.094096928
893,28.91798141,15.55166762,3.937465366,3.937465366,3.937465366,3.937465366,6.646615442,6.646615442
894,27.26574839,14.75747016,3.39,3.39,3.39,3.39,6.163907259,6.163907259
895,36.85,16.04,3,3,3,3,5.74,5.74
896,21.96302571,12.06733956,3.117339563,3.117339563,3.117339563,3.117339563,6.101048509,6.101048509
897,29,15.6,3.46,3.46,3.46,3.46,6.61,6.61
898,35.7982362,18.15538706,9.066248992,9.066248992,9.066248992,9.066248992,7.638754985,7.638754985
899,32.13710814,16.17939119,4.960038051,4.960038051,4.960038051,4.960038051,6.280837117,6.280837117
900,20.83549915,10.8205024,3.928392813,3.928392813,3.928392813,3.928392813,5.357475002,5.357475002
901,20.245358,14.5157459,3.470048487,3.470048487,3.470048487,3.470048487,4.738590594,4.738590594
902,21.93292589,12.09159609,3.108024851,3.108024851,3.108024851,3.108024851,6.103190996,6.103190996
903,23.50988145,13.73037978,4.574533258,4.574533258,4.574533258,4.574533258,6.039232627,6.039232627
904,23.62202393,12.96062059,2.920011557,2.920011557,2.920011557,2.920011557,5.427242405,5.427242405
905,19.43825203,9.911592154,2.230671528,2.230671528,2.230671528,2.230671528,5.858906043,5.858906043
906,21.03073862,12.23479708,2.665754907,2.665754907,2.665754907,2.665754907,5.806014614,5.806014614
907,20.93,12.23,2.92,2.92,2.92,2.92,5.83,5.83
908,29.41989808,15.48691789,4.760867787,4.760867787,4.760867787,4.760867787,6.262163365,6.262163365
909,12.59,7.36,4.2,4.2,4.2,4.2,6.13,6.13
910,25.17,14.22,4.98,4.98,4.98,4.98,6.46,6.46
911,28.54495987,15.9821442,4.381718115,4.381718115,4.381718115,4.381718115,5.934669295,5.934669295
912,26.6,14.72,4.46,4.46,4.46,4.46,5.92,5.92
913,40.51092762,18.0000773,6.850927621,6.850927621,6.850927621,6.850927621,6.909458887,6.909458887
914,21.8,13.32,2.98,2.98,2.98,2.98,5.97,5.97
915,32.75010986,16.18,4.968134798,4.968134798,4.968134798,4.968134798,6.434561165,6.434561165
916,14.4962124,8.441108527,4.214110853,4.214110853,4.214110853,4.214110853,6.092332558,6.092332558
917,30.27551471,15.98976086,7.305272669,7.305272669,7.305272669,7.305272669,7.054260716,7.054260716
918,20.75,10.79,3.75,3.75,3.75,3.75,5.29,5.29
919,45.09,19.11,9.11,9.11,9.11,9.11,7.33,7.33
920,25.41868647,13.82089121,3.111341307,3.111341307,3.111341307,3.111341307,5.276266123,5.276266123
921,21.20410842,10.84696007,3.633190907,3.633190907,3.633190907,3.633190907,5.365125619,5.365125619
922,22.82480546,12.73446299,2.266151512,2.266151512,2.266151512,2.266151512,5.349441855,5.349441855
923,32.89,16.18,4.97,4.97,4.97,4.97,6.47,6.47
924,26.23629522,14.48054272,5.107514296,5.107514296,5.107514296,5.107514296,6.491706257,6.491706257
925,27.97,16,5.48,5.48,5.48,5.48,6.87,6.87
926,27.39473957,14.64460288,3.39,3.39,3.39,3.39,6.083287769,6.083287769
927,19.25,11.44,3.21,3.21,3.21,3.21,4.9,4.9
928,31.0346829,18.24763068,4.125404177,4.125404177,4.125404177,4.125404177,6.728414631,6.728414631
929,10.54,6.67,4.21,4.21,4.21,4.21,6.44,6.44
930,21.14,12.24,2.39,2.39,2.39,2.39,5.78,5.78
931,24.47688535,13.32447012,2.298703465,2.298703465,2.298703465,2.298703465,5.578919875,5.578919875
932,27.49275875,14.93443695,3.588895779,3.588895779,3.588895779,3.588895779,5.569447889,5.569447889
933,21.7423382,13.3007794,2.968467639,2.968467639,2.968467639,2.968467639,5.935402917,5.935402917
934,21.65025189,13.27008396,2.950050377,2.950050377,2.950050377,2.950050377,5.880151132,5.880151132
935,65.50898264,24.61754002,8.918725055,8.918725055,8.918725055,8.918725055,8.504635043,8.504635043
936,25.17,14.22,4.98,4.98,4.98,4.98,6.46,6.46
937,20.36,14.87,3.5,3.5,3.5,3.5,4.72,4.72
938,22.17521375,13.43089311,3.055431631,3.055431631,3.055431631,3.055431631,5.978764795,5.978764795
939,20.02508416,10.39395239,3.762698782,3.762698782,3.762698782,3.762698782,5.34619269,5.34619269
940,21.02,12.75,4.64,4.64,4.64,4.64,5.99,5.99
941,14.72,8.5,4.22,4.22,4.22,4.22,6.11,6.11
942,31.85902678,14.2902884,6.158078313,6.158078313,6.158078313,6.158078313,6.181801013,6.181801013
943,14.72,8.5,4.22,4.22,4.22,4.22,6.11,6.11
944,35.94080253,15.88593097,2.970517655,2.970517655,2.970517655,2.970517655,5.764727128,5.764727128
945,40.46760146,17.85584495,6.807601456,6.807601456,6.807601456,6.807601456,7.020236214,7.020236214
946,26.19,14.52,4.45,4.45,4.45,4.45,5.88,5.88
947,29.10280039,18.52472124,4.202134302,4.202134302,4.202134302,4.202134302,6.206163632,6.206163632
948,29.17188999,18.65887431,4.076361314,4.076361314,4.076361314,4.076361314,6.58302992,6.58302992
949,19.67184664,10.08011215,2.205431538,2.205431538,2.205431538,2.205431538,5.835858907,5.835858907
950,28.23158824,15.24612297,3.718395217,3.718395217,3.718395217,3.718395217,5.665780967,5.665780967
951,37.5437587,16.23375243,3.162502037,3.162502037,3.162502037,3.162502037,5.765000313,5.765000313
952,28.01,14.88,4.45,4.45,4.45,4.45,5.88,5.88
953,21.19367745,12.30326094,2.804826906,2.804826906,2.804826906,2.804826906,5.869251296,5.869251296
954,23.3074222,12.63995545,2.980572551,2.980572551,2.980572551,2.980572551,5.587665248,5.587665248
955,27.71099934,15.17557629,3.14796136,3.14796136,3.14796136,3.14796136,5.460153236,5.460153236
956,12.58561737,7.35342606,4.19342606,4.19342606,4.19342606,4.19342606,6.110278179,6.110278179
957,26.19,14.52,4.45,4.45,4.45,4.45,5.88,5.88
958,20.16052996,10.13866178,3.765733689,3.765733689,3.765733689,3.765733689,5.375067911,5.375067911
959,23,13.58,4.45,4.45,4.45,4.45,5.91,5.91
960,25.18,13.88,4.93,4.93,4.93,4.93,6.36,6.36
961,31.43015654,16.0253146,4.97,4.97,4.97,4.97,6.499003512,6.499003512
962,45.09,19.11,9.11,9.11,9.11,9.11,7.33,7.33
963,41.00053266,16.94606389,5.787775442,5.787775442,5.787775442,5.787775442,6.640355917,6.640355917
964,12.59,7.36,4.2,4.2,4.2,4.2,6.13,6.13
965,20.5,10.63,3.73,3.73,3.73,3.73,5.25,5.25
966,21.8,13.32,2.98,2.98,2.98,2.98,5.97,5.97
967,27.52586281,15.05882002,3.139980348,3.139980348,3.139980348,3.139980348,5.428587259,5.428587259
968,27.10871689,14.9944193,5.557168081,5.557168081,5.557168081,5.557168081,6.51858404,6.51858404
969,20.93,12.23,2.92,2.92,2.92,2.92,5.83,5.83
970,31.51768505,15.96656472,4.957791179,4.957791179,4.957791179,4.957791179,6.417435555,6.417435555
971,26.4170245,14.02892687,2.431289204,2.431289204,2.431289204,2.431289204,6.008027894,6.008027894
972,26.20870365,14.18687658,4.935336984,4.935336984,4.935336984,4.935336984,6.374676706,6.374676706
973,24.12382505,13.21722554,3.14206306,3.14206306,3.14206306,3.14206306,5.530768312,5.530768312
974,31.38,16.02,4.97,4.97,4.97,4.97,6.5,6.5
975,20.41478024,10.65702173,3.75116021,3.75116021,3.75116021,3.75116021,5.300223752,5.300223752
976,24.26576295,13.95331257,4.759149476,4.759149476,4.759149476,4.759149476,6.230815494,6.230815494
977,25.59800488,14.20770174,4.437398606,4.437398606,4.437398606,4.437398606,5.88233101,5.88233101
978,20.13871078,11.61,2.368710782,2.368710782,2.368710782,2.368710782,5.333867653,5.333867653
979,12.59,7.36,4.2,4.2,4.2,4.2,6.13,6.13
980,23.22825951,12.62241918,2.25472835,2.25472835,2.25472835,2.25472835,5.525993231,5.525993231
981,27.57,15.04,3.11,3.11,3.11,3.11,5.33,5.33
982,23.15656505,13.62617587,4.488239389,4.488239389,4.488239389,4.488239389,5.949682385,5.949682385
983,29.53520239,15.64368863,4.759590955,4.759590955,4.759590955,4.759590955,6.29833378,6.29833378
984,31.41365507,16.0235661,4.97,4.97,4.97,4.97,6.499331356,6.499331356
985,20.36728488,10.59007301,3.738140101,3.738140101,3.738140101,3.738140101,5.272336559,5.272336559
986,40.46,17.83,6.8,6.8,6.8,6.8,7.04,7.04
987,23,13.58,4.45,4.45,4.45,4.45,5.91,5.91
988,31.41144695,16.02662041,4.969586224,4.969586224,4.969586224,4.969586224,6.490896935,6.490896935
989,14.34459219,8.401208471,4.210120847,4.210120847,4.210120847,4.210120847,6.080362541,6.080362541
990,20.52595546,10.35496433,3.727022664,3.727022664,3.727022664,3.727022664,5.380486042,5.380486042
991,30.85946794,16.20935004,4.871675381,4.871675381,4.871675381,4.871675381,6.13224153,6.13224153
992,40.62836595,18.00986383,6.968365948,6.968365948,6.968365948,6.968365948,6.840953197,6.840953197
993,18.63269828,10.58249818,3.581910463,3.581910463,3.581910463,3.581910463,5.70495373,5.70495373
994,27.74052414,14.84809187,5.287399461,5.287399461,5.287399461,5.287399461,6.536434461,6.536434461
995,10.69236209,6.759982942,4.193356539,4.193356539,4.193356539,4.193356539,6.433640303,6.433640303
996,26.09681641,14.38465837,3.741496876,3.741496876,3.741496876,3.741496876,6.49029886,6.49029886
997,21.72634484,13.29544828,2.965268968,2.965268968,2.965268968,2.965268968,5.925806904,5.925806904
998,25.96004561,14.36939268,3.636445774,3.636445774,3.636445774,3.636445774,5.716404513,5.716404513
999,20.5,10.63,3.73,3.73,3.73,3.73,5.25,5.25
1000,34.24,18.14,8.14,8.14,8.14,8.14,7.29,7.29
