FID,farmer_ID,ORIG_FID,X,Y
0,0.000000000000000,0,363.091081868000003,4430.594983490000232
1,1.000000000000000,1,274.048246426999981,4438.100872099999833
2,2.000000000000000,2,306.264387689999978,4385.867446410000412
3,3.000000000000000,3,300.253341168000020,4434.716285329999664
4,4.000000000000000,4,311.064965813000015,4437.633153149999998
5,5.000000000000000,5,240.720532934000005,4434.262224750000314
6,6.000000000000000,6,357.357447700000023,4466.080582059999870
7,7.000000000000000,7,262.671119208999983,4412.260215020000032
8,8.000000000000000,8,331.233864367000024,4383.492403180000110
9,9.000000000000000,9,312.303832852000028,4358.589646800000082
10,10.000000000000000,10,368.133556425999984,4440.421416830000453
11,11.000000000000000,11,304.553947746999995,4474.026863250000133
12,12.000000000000000,12,289.357851883000023,4453.044761430000108
13,13.000000000000000,13,260.307932377999975,4445.966797570000381
14,14.000000000000000,14,306.156971628999997,4478.594099470000401
15,15.000000000000000,15,335.715087088000018,4418.868086380000022
16,16.000000000000000,16,386.433569381999973,4458.142691070000183
17,17.000000000000000,17,251.472497427000008,4398.224139169999944
18,18.000000000000000,18,318.919881562000000,4481.374041940000097
19,19.000000000000000,19,312.833514223999998,4420.735238979999849
20,20.000000000000000,20,303.155378061000022,4420.862897840000187
21,21.000000000000000,21,233.539845351999986,4447.662212870000076
22,22.000000000000000,22,328.526486227000021,4371.388212910000220
23,23.000000000000000,23,292.468933492000019,4386.427640140000221
24,24.000000000000000,24,324.715624228000024,4484.192166240000006
25,25.000000000000000,25,339.798872019999976,4479.524877210000341
26,26.000000000000000,26,363.891800366999973,4453.599510910000390
27,27.000000000000000,27,355.729646933000026,4424.989089509999758
28,28.000000000000000,28,359.672315507999997,4460.578796069999953
29,29.000000000000000,29,377.279875138000023,4473.401607310000145
30,30.000000000000000,30,267.075454272999991,4455.222063920000437
31,31.000000000000000,31,332.515376920999984,4385.752303459999894
32,32.000000000000000,32,329.460169737000001,4448.960649079999712
33,33.000000000000000,33,342.418134318000000,4402.868069459999788
34,34.000000000000000,34,267.841104803999997,4453.641192680000131
35,35.000000000000000,35,310.651416432000019,4380.626913369999784
36,36.000000000000000,36,320.988350921999995,4468.977808880000339
37,37.000000000000000,37,314.004318232999992,4477.158411329999581
38,38.000000000000000,38,380.928442850000010,4443.981849499999953
39,39.000000000000000,39,337.220241456999986,4462.473130119999951
40,40.000000000000000,40,257.486274338999976,4415.159127820000322
41,41.000000000000000,41,394.509554853999987,4465.283406769999601
42,42.000000000000000,42,307.800075556000024,4370.269239559999733
43,43.000000000000000,43,316.564681117000021,4447.520365669999592
44,44.000000000000000,44,325.679272362000006,4366.663082109999777
45,45.000000000000000,45,245.712554318000002,4446.875939749999816
46,46.000000000000000,46,268.999149031999991,4378.342061549999926
47,47.000000000000000,47,299.863466854000023,4449.699674139999843
48,48.000000000000000,48,377.028516593999996,4464.611539280000216
49,49.000000000000000,49,301.760340127000006,4415.979248290000214
50,50.000000000000000,50,351.724212159999979,4419.928928590000396
51,51.000000000000000,51,368.611125559000016,4458.675955460000296
52,52.000000000000000,52,288.966136560999985,4467.395685370000137
53,53.000000000000000,53,322.410250920000010,4480.063041749999684
54,54.000000000000000,54,342.660949685999981,4423.029918029999862
55,55.000000000000000,55,251.534303534000003,4441.290325449999727
56,56.000000000000000,56,259.811962875000006,4376.170199500000308
57,57.000000000000000,57,312.007783883000002,4439.425663119999626
58,58.000000000000000,58,262.906524176999994,4439.282322750000276
59,59.000000000000000,59,253.425343252999994,4420.644396110000343
60,60.000000000000000,60,327.904483831999983,4469.997515230000317
61,61.000000000000000,61,313.686570960999973,4415.188341089999994
62,62.000000000000000,62,338.263937431999977,4431.560994399999799
63,63.000000000000000,63,295.501845041000024,4459.666103550000116
64,64.000000000000000,64,284.533180306000020,4406.702144349999799
65,65.000000000000000,65,268.573972906999984,4412.999884179999754
66,66.000000000000000,66,304.674303540999972,4450.887403390000145
67,67.000000000000000,67,369.638971960999982,4429.873335080000288
68,68.000000000000000,68,260.338450744999989,4392.199238619999960
69,69.000000000000000,69,302.998539381000001,4374.553673800000070
70,70.000000000000000,70,357.621922144999985,4464.686115579999750
71,71.000000000000000,71,387.968854007999994,4451.349378840000099
72,72.000000000000000,72,301.044597404000001,4395.051980639999783
73,73.000000000000000,73,393.626848397999993,4457.993252219999704
74,74.000000000000000,74,348.543795150999983,4441.232486480000262
75,75.000000000000000,75,270.389140666999992,4447.822832249999919
76,76.000000000000000,76,293.767903304000015,4447.820032650000030
77,77.000000000000000,77,256.182684580000000,4409.885396210000181
78,78.000000000000000,78,363.295363615999975,4426.816967060000025
79,79.000000000000000,79,244.788545510000006,4390.031427550000444
80,80.000000000000000,80,258.002097478999985,4396.350202079999690
81,81.000000000000000,81,278.456309549000025,4409.843741880000380
82,82.000000000000000,82,319.720626627999991,4489.649169970000003
83,83.000000000000000,83,355.334177232000002,4466.666530600000442
84,84.000000000000000,84,354.410442756000009,4438.909363089999715
85,85.000000000000000,85,273.733177069000021,4371.505294139999933
86,86.000000000000000,86,300.833433033000006,4439.779428030000417
87,87.000000000000000,87,292.183502326999985,4452.460815720000028
88,88.000000000000000,88,336.225369527999987,4403.735110149999855
89,89.000000000000000,89,314.373760421999975,4360.698358460000236
90,90.000000000000000,90,293.829669406999983,4372.536575099999936
91,91.000000000000000,91,311.939742055000011,4463.791041909999876
92,92.000000000000000,92,252.218247265000002,4434.079575259999729
93,93.000000000000000,93,279.004357357000004,4461.636417079999774
94,94.000000000000000,94,263.726829410999983,4430.206822049999573
95,95.000000000000000,95,300.321534133000000,4370.074059849999685
96,96.000000000000000,96,261.404340416000025,4440.452513790000012
97,97.000000000000000,97,389.551507074000028,4481.317073240000354
98,98.000000000000000,98,324.317096434999996,4487.353168870000445
99,99.000000000000000,99,356.043720209000014,4458.007708209999691
100,100.000000000000000,100,280.842989475000024,4366.049776980000388
101,101.000000000000000,101,316.077245118000008,4470.238225879999845
102,102.000000000000000,102,294.437277456000004,4433.404913630000010
103,103.000000000000000,103,314.368847599999981,4374.952143499999693
104,104.000000000000000,104,382.996295385999986,4462.288431719999608
105,105.000000000000000,105,265.161772421000023,4453.809914329999629
106,106.000000000000000,106,312.790224556999988,4371.435353689999829
107,107.000000000000000,107,307.250347718000000,4429.970593400000325
108,108.000000000000000,108,265.036972766000019,4402.011159429999680
109,109.000000000000000,109,317.850867060999974,4409.874571610000203
110,110.000000000000000,110,298.774968752000007,4392.434690770000088
111,111.000000000000000,111,252.615910845999991,4426.605335369999921
112,112.000000000000000,112,249.135909822999992,4391.043885819999559
113,113.000000000000000,113,262.352702996000005,4436.347289129999808
114,114.000000000000000,114,298.452489452000009,4355.645838909999839
115,115.000000000000000,115,311.112119663999977,4472.871212709999782
116,116.000000000000000,116,258.303803012999992,4374.158231420000448
117,117.000000000000000,117,269.214934314000004,4421.629670569999689
118,118.000000000000000,118,327.320513107000011,4392.406814650000342
119,119.000000000000000,119,359.148386389999985,4447.617829439999696
120,120.000000000000000,120,295.910975694000001,4376.231890519999979
121,121.000000000000000,121,287.654667899999993,4385.424714800000402
122,122.000000000000000,122,376.603772153000023,4456.411773130000256
123,123.000000000000000,123,378.624570306999999,4479.572535870000138
124,124.000000000000000,124,390.599087715999985,4463.493145630000072
125,125.000000000000000,125,292.347629897999980,4363.495176770000398
126,126.000000000000000,126,326.671023396999999,4456.976470450000306
127,127.000000000000000,127,262.886547789000019,4403.675805259999834
128,128.000000000000000,128,386.552971469999989,4480.374679810000089
129,129.000000000000000,129,241.696438306999994,4452.627747270000327
130,130.000000000000000,130,340.484723351000014,4435.613412699999571
131,131.000000000000000,131,331.692351502000008,4379.048344929999985
132,132.000000000000000,132,356.189903706999985,4423.882442840000294
133,133.000000000000000,133,384.223433978000003,4482.319244729999809
134,134.000000000000000,134,318.411678112999994,4373.868425470000147
135,135.000000000000000,135,383.974310428000024,4465.130664109999998
136,136.000000000000000,136,328.094965429000013,4390.695965310000247
137,137.000000000000000,137,302.279741344000001,4427.452775980000297
138,138.000000000000000,138,318.212470568000015,4364.217690280000170
139,139.000000000000000,139,299.373556716999985,4382.691606340000362
140,140.000000000000000,140,308.682638751000013,4400.933535690000099
141,141.000000000000000,141,342.702945519000025,4412.617952419999710
142,142.000000000000000,142,362.385812225999985,4458.215962559999753
143,143.000000000000000,143,241.135937888000001,4447.314152840000133
144,144.000000000000000,144,317.078974761999973,4467.132884730000114
145,145.000000000000000,145,273.638845805000017,4423.514618459999838
146,146.000000000000000,146,337.214479872000027,4445.424442079999608
147,147.000000000000000,147,292.313335750000022,4391.776734590000160
148,148.000000000000000,148,298.290930166999999,4384.100740849999966
149,149.000000000000000,149,283.037041586999976,4432.458336900000177
150,150.000000000000000,150,313.141169436999974,4428.361802170000374
151,151.000000000000000,151,348.292247062999991,4403.040903930000241
152,152.000000000000000,152,312.613258192999979,4489.973055479999857
153,153.000000000000000,153,285.007597029000010,4403.559232890000203
154,154.000000000000000,154,251.923014474000013,4382.688342970000122
155,155.000000000000000,155,332.385208057999989,4375.194067260000338
156,156.000000000000000,156,320.552219079999986,4410.267012139999679
157,157.000000000000000,157,296.721089959999972,4426.194922880000377
158,158.000000000000000,158,295.808757719000027,4468.283698119999826
159,159.000000000000000,159,297.608047875000011,4468.698552490000111
160,160.000000000000000,160,314.260051272999988,4460.473840159999781
161,161.000000000000000,161,271.416891894999992,4429.909617319999597
162,162.000000000000000,162,359.954496732999985,4443.409663100000216
163,163.000000000000000,163,312.197138893999977,4425.939821900000425
164,164.000000000000000,164,235.108581840999989,4442.538814810000076
165,165.000000000000000,165,357.265584482000008,4430.239486849999594
166,166.000000000000000,166,268.790710203999993,4374.532717129999583
167,167.000000000000000,167,301.664470424999990,4463.582058570000299
168,168.000000000000000,168,332.515073330000007,4396.008633829999781
169,169.000000000000000,169,310.445489415999987,4365.009812170000259
170,170.000000000000000,170,347.677757508000013,4444.855139700000109
171,171.000000000000000,171,252.780244791999991,4402.105289639999683
172,172.000000000000000,172,306.103654834999986,4456.196668919999865
173,173.000000000000000,173,291.903513701999998,4377.228601169999820
174,174.000000000000000,174,348.862069850000012,4452.989009859999896
175,175.000000000000000,175,323.229444295000008,4392.288492390000101
176,176.000000000000000,176,318.698532089000025,4395.514330130000417
177,177.000000000000000,177,245.335271075999998,4405.491881650000323
178,178.000000000000000,178,315.223582188000023,4435.738910570000371
179,179.000000000000000,179,275.336187182000003,4419.037673120000363
180,180.000000000000000,180,304.469872515000020,4447.268909950000307
181,181.000000000000000,181,308.530107369999996,4395.733005940000112
182,182.000000000000000,182,290.340163103000009,4461.016111619999720
183,183.000000000000000,183,272.275205049000022,4455.806686380000428
184,184.000000000000000,184,330.916931982999984,4402.945221560000391
185,185.000000000000000,185,239.948877920999990,4398.433156439999948
186,186.000000000000000,186,296.187516026000026,4438.652962240000306
187,187.000000000000000,187,381.716563145999999,4467.138968930000374
188,188.000000000000000,188,299.279650214000014,4440.384360179999931
189,189.000000000000000,189,257.473281444999998,4433.228884699999981
190,190.000000000000000,190,250.118775739999990,4424.024402430000009
191,191.000000000000000,191,285.649124237000024,4462.744249850000415
192,192.000000000000000,192,319.166033685000002,4426.048338509999667
193,193.000000000000000,193,277.727616656000009,4363.895992009999645
194,194.000000000000000,194,337.499951636999981,4473.637077170000339
195,195.000000000000000,195,372.239522400999988,4470.708265250000295
196,196.000000000000000,196,343.319495037000024,4416.760279199999786
197,197.000000000000000,197,355.659515505999991,4477.040792349999720
198,198.000000000000000,198,340.969765300000006,4429.844979720000083
199,199.000000000000000,199,272.657695375000003,4451.889012360000379
200,200.000000000000000,200,260.289759924000009,4410.184518940000089
201,201.000000000000000,201,244.673627761000006,4428.137650790000407
202,202.000000000000000,202,261.565961045999984,4382.800878760000160
203,203.000000000000000,203,271.034151162000001,4435.212715759999810
204,204.000000000000000,204,284.054393453999978,4451.241536829999859
205,205.000000000000000,205,345.392442973000016,4407.228121869999995
206,206.000000000000000,206,282.980217825000011,4401.822814600000129
207,207.000000000000000,207,387.276716634000024,4477.287138220000088
208,208.000000000000000,208,317.006826828999976,4460.306898800000454
209,209.000000000000000,209,334.297388200000000,4428.261031770000045
210,210.000000000000000,210,292.759791058000019,4455.827378840000165
211,211.000000000000000,211,376.197746940000002,4449.308424709999599
212,212.000000000000000,212,399.917178698999976,4465.643550570000116
213,213.000000000000000,213,327.129511374000003,4419.933212590000039
214,214.000000000000000,214,287.659707253000022,4419.424435349999840
215,215.000000000000000,215,308.616814443999999,4455.164569849999680
216,216.000000000000000,216,297.716482223000014,4366.631637909999881
217,217.000000000000000,217,379.532666944000027,4464.470674080000208
218,218.000000000000000,218,235.028111924999990,4425.858423749999929
219,219.000000000000000,219,322.494739100000004,4473.629102230000171
220,220.000000000000000,220,314.048994874000016,4367.231829170000310
221,221.000000000000000,221,275.440711733000001,4420.939482030000363
222,222.000000000000000,222,245.045362009000002,4418.084259299999758
223,223.000000000000000,223,286.372477224000022,4442.883872610000253
224,224.000000000000000,224,297.414837417999991,4462.947710440000264
225,225.000000000000000,225,320.512361762000012,4461.456647660000272
226,226.000000000000000,226,321.294500582000012,4381.452919970000039
227,227.000000000000000,227,346.138162437000005,4466.363419270000122
228,228.000000000000000,228,306.682416048999983,4359.902528540000276
229,229.000000000000000,229,362.888241854000000,4456.311916089999613
230,230.000000000000000,230,278.007762920000005,4457.987764380000044
231,231.000000000000000,231,262.786372298999993,4393.628311690000373
232,232.000000000000000,232,317.963712758999975,4381.152546479999728
233,233.000000000000000,233,312.767002263999984,4483.145496099999946
234,234.000000000000000,234,362.249382425000022,4464.447967459999745
235,235.000000000000000,235,316.024534430000017,4405.732826790000217
236,236.000000000000000,236,315.576829529999998,4429.826396110000132
237,237.000000000000000,237,258.382388323999976,4463.706631570000354
238,238.000000000000000,238,333.172872736999977,4443.259829440000431
239,239.000000000000000,239,322.250756846000002,4406.111139329999787
240,240.000000000000000,240,300.408790364000026,4455.868730829999549
241,241.000000000000000,241,304.822439507000013,4469.009447649999856
242,242.000000000000000,242,321.792139944999974,4452.316804050000428
243,243.000000000000000,243,267.931782042999998,4456.523828620000131
244,244.000000000000000,244,355.493939129000012,4420.832587849999982
245,245.000000000000000,245,349.442108890999975,4480.541272720000052
246,246.000000000000000,246,354.029670198000019,4444.310855480000100
247,247.000000000000000,247,324.703907250999976,4438.792230789999849
248,248.000000000000000,248,291.066691317999982,4442.125766989999647
249,249.000000000000000,249,287.511431245999972,4359.593165000000226
250,250.000000000000000,250,279.815973047999989,4454.575890860000072
251,251.000000000000000,251,262.929404051999995,4425.251181409999845
252,252.000000000000000,252,294.138353177999988,4369.621207829999548
253,253.000000000000000,253,284.103732017000027,4437.897208170000340
254,254.000000000000000,254,296.006844918000013,4368.068771909999668
255,255.000000000000000,255,288.746056694999993,4362.279680720000215
256,256.000000000000000,256,312.474904895999998,4456.608103040000060
257,257.000000000000000,257,305.617226286000005,4462.518720349999967
258,258.000000000000000,258,365.197428866999985,4472.556596909999826
259,259.000000000000000,259,337.033510937000017,4436.640263520000190
260,260.000000000000000,260,270.454418025999985,4392.422621519999666
261,261.000000000000000,261,327.973004332000016,4423.040828750000401
262,262.000000000000000,262,308.488460125000017,4441.337387010000384
263,263.000000000000000,263,325.085264112999994,4446.857662479999817
264,264.000000000000000,264,368.029578124000011,4455.358941559999948
265,265.000000000000000,265,257.404754502000003,4420.604437040000448
266,266.000000000000000,266,367.321495877000018,4464.853334379999978
267,267.000000000000000,267,298.989500104000001,4473.003898459999618
268,268.000000000000000,268,396.081742785000017,4470.777027740000449
269,269.000000000000000,269,352.071204092000016,4466.622018910000406
270,270.000000000000000,270,325.854593083999987,4473.668623800000205
271,271.000000000000000,271,296.986690758999998,4452.031049299999722
272,272.000000000000000,272,350.397101336999981,4470.999929059999886
273,273.000000000000000,273,313.668919085000027,4395.767362040000080
274,274.000000000000000,274,251.673434729000007,4392.378043220000109
275,275.000000000000000,275,282.688045819000024,4452.849566699999741
276,276.000000000000000,276,310.054196463999972,4375.618891160000203
277,277.000000000000000,277,267.839762195999981,4387.467200000000048
278,278.000000000000000,278,320.030372655000008,4455.933203700000377
279,279.000000000000000,279,318.213259095000012,4436.305312890000096
280,280.000000000000000,280,325.597401321000007,4483.744959999999992
281,281.000000000000000,281,302.809027834999995,4433.331267509999634
282,282.000000000000000,282,316.484741208000003,4362.492141959999572
283,283.000000000000000,283,342.165487106000000,4441.242899359999683
284,284.000000000000000,284,253.431500430000000,4375.596518800000013
285,285.000000000000000,285,275.741732641999988,4447.086351930000092
286,286.000000000000000,286,263.104561514000011,4452.203624249999848
287,287.000000000000000,287,340.933924637000018,4452.375963829999819
288,288.000000000000000,288,290.251283434000015,4440.128109299999778
289,289.000000000000000,289,318.421414116999983,4476.829829739999695
290,290.000000000000000,290,278.186983907000013,4428.724079990000064
291,291.000000000000000,291,325.392389408999975,4465.289665209999839
292,292.000000000000000,292,357.983775831000003,4476.130914889999985
293,293.000000000000000,293,321.997395698999981,4377.693525960000443
294,294.000000000000000,294,351.919229831999985,4427.900136719999864
295,295.000000000000000,295,386.969538195999974,4478.513924589999988
296,296.000000000000000,296,272.732636013999979,4427.659507590000430
297,297.000000000000000,297,325.713427186999979,4375.977165440000135
298,298.000000000000000,298,323.390463941000007,4458.171259259999715
299,299.000000000000000,299,317.632554431000017,4362.676937840000392
300,300.000000000000000,300,239.202019352000008,4441.642268710000280
301,301.000000000000000,301,221.491755240999993,4430.836421459999656
302,302.000000000000000,302,285.737886897000010,4421.274162069999875
303,303.000000000000000,303,279.608652673999984,4411.544077120000111
304,304.000000000000000,304,325.939210533999983,4451.190354540000044
305,305.000000000000000,305,380.371325484000010,4440.467172740000024
306,306.000000000000000,306,350.297600781000028,4413.526316069999666
307,307.000000000000000,307,318.621430873000008,4388.260035829999651
308,308.000000000000000,308,283.282539654000004,4390.434955200000331
309,309.000000000000000,309,309.481962058000022,4447.062392279999585
310,310.000000000000000,310,276.172637770999984,4453.460690279999653
311,311.000000000000000,311,326.102299786000003,4416.444889000000330
312,312.000000000000000,312,259.356073364999986,4461.299172310000358
313,313.000000000000000,313,311.486779481999974,4434.180003260000376
314,314.000000000000000,314,266.190671507999980,4432.463071060000402
315,315.000000000000000,315,279.285115137999981,4369.154479290000381
316,316.000000000000000,316,384.491728661000025,4460.681822690000445
317,317.000000000000000,317,299.721530426000015,4386.956552710000324
318,318.000000000000000,318,332.901236235999988,4460.396352450000450
319,319.000000000000000,319,262.845858473000021,4387.847911259999819
320,320.000000000000000,320,264.979211497999984,4433.094128529999580
321,321.000000000000000,321,253.137240458999997,4423.156853430000410
322,322.000000000000000,322,283.833701833000021,4368.298635979999744
323,323.000000000000000,323,346.953678384999989,4409.825084719999722
324,324.000000000000000,324,394.462502254000015,4470.947289030000320
325,325.000000000000000,325,298.063989794999998,4373.973201550000340
326,326.000000000000000,326,287.568440173999988,4379.231907659999706
327,327.000000000000000,327,333.984271835000015,4488.285822429999826
328,328.000000000000000,328,246.804391140999996,4391.588253799999620
329,329.000000000000000,329,259.605701534999980,4434.101059919999898
330,330.000000000000000,330,318.776531724999984,4384.099782190000042
331,331.000000000000000,331,340.542846327000007,4421.366039759999694
332,332.000000000000000,332,293.721436922000009,4418.586117439999725
333,333.000000000000000,333,255.484056810999988,4441.948647569999594
334,334.000000000000000,334,248.937489429000010,4410.118485470000451
335,335.000000000000000,335,335.733378403000017,4448.814856809999583
336,336.000000000000000,336,326.908340194999994,4440.168248230000245
337,337.000000000000000,337,249.214894882000010,4421.040640209999765
338,338.000000000000000,338,326.821707237999988,4476.104280870000366
339,339.000000000000000,339,327.519056701000011,4416.402647509999952
340,340.000000000000000,340,373.200064290999990,4441.283709239999553
341,341.000000000000000,341,274.746113357000013,4459.892829960000199
342,342.000000000000000,342,391.271089696999979,4469.566430380000384
343,343.000000000000000,343,254.203054764999990,4391.696622280000156
344,344.000000000000000,344,248.110224079000005,4387.429200759999731
345,345.000000000000000,345,292.340525050999986,4447.713048849999723
346,346.000000000000000,346,334.282820554000011,4454.879269150000255
347,347.000000000000000,347,362.238063198000020,4469.748133170000074
348,348.000000000000000,348,324.312511572999995,4414.153713959999550
349,349.000000000000000,349,362.246910537000019,4477.253409019999708
350,350.000000000000000,350,284.561797765999984,4400.366558710000390
351,351.000000000000000,351,253.453163106000005,4444.557793060000222
352,352.000000000000000,352,366.999012744000026,4450.261564419999559
353,353.000000000000000,353,394.530346267000027,4468.278033820000019
354,354.000000000000000,354,331.189477168999986,4381.876154460000180
355,355.000000000000000,355,279.866361622999989,4381.318963179999628
356,356.000000000000000,356,228.594526169999995,4442.592916810000133
357,357.000000000000000,357,323.361936538999998,4382.939836769999602
358,358.000000000000000,358,282.684590347999972,4418.986980869999570
359,359.000000000000000,359,383.147973256999990,4447.030847889999677
360,360.000000000000000,360,271.598030225999992,4441.840927500000362
361,361.000000000000000,361,288.483230855999977,4423.622407640000347
362,362.000000000000000,362,324.565306958999997,4418.135435639999741
363,363.000000000000000,363,299.555155678999995,4408.282693909999580
364,364.000000000000000,364,335.438337019000016,4391.621708939999735
365,365.000000000000000,365,309.537926089999985,4431.284373600000436
366,366.000000000000000,366,248.230866851999991,4414.275779550000152
367,367.000000000000000,367,333.171255164000002,4473.642841840000074
368,368.000000000000000,368,262.132963252000025,4460.587241019999965
369,369.000000000000000,369,278.573358434999989,4439.163545379999960
370,370.000000000000000,370,373.753910356000006,4464.699531719999868
371,371.000000000000000,371,329.384327949000010,4436.786582099999578
372,372.000000000000000,372,357.469324950999976,4449.052388750000318
373,373.000000000000000,373,319.322524841000018,4417.669435609999709
374,374.000000000000000,374,372.487318786999992,4433.800635270000384
375,375.000000000000000,375,320.680544868000027,4440.113947230000122
376,376.000000000000000,376,374.657525867000004,4476.696070590000090
377,377.000000000000000,377,309.053191286000015,4476.457276049999564
378,378.000000000000000,378,392.732184073999974,4472.633909600000152
379,379.000000000000000,379,313.340120044000003,4442.032758610000201
380,380.000000000000000,380,283.969053347999989,4456.215565309999874
381,381.000000000000000,381,308.895387264000021,4384.336834419999832
382,382.000000000000000,382,279.076644531999989,4425.717668260000210
383,383.000000000000000,383,299.617127384000014,4468.449183310000080
384,384.000000000000000,384,312.756045710000024,4364.264844340000309
385,385.000000000000000,385,373.197947874000022,4438.802277800000411
386,386.000000000000000,386,329.049685280000006,4444.401786039999934
387,387.000000000000000,387,255.277586493999991,4382.944888089999949
388,388.000000000000000,388,254.173808425999994,4407.107251460000043
389,389.000000000000000,389,344.178570406000006,4482.922046960000444
390,390.000000000000000,390,303.739870884000027,4405.855855759999940
391,391.000000000000000,391,381.255813810999996,4475.620081099999879
392,392.000000000000000,392,251.787113503000000,4454.233565669999734
393,393.000000000000000,393,314.936921670999993,4474.151095039999745
394,394.000000000000000,394,318.171153710999988,4422.013604159999886
395,395.000000000000000,395,272.102253156000017,4374.896324149999600
396,396.000000000000000,396,323.722725735999973,4434.068680459999996
397,397.000000000000000,397,287.315551506000020,4446.553490410000450
398,398.000000000000000,398,274.498946531000001,4445.951259340000433
399,399.000000000000000,399,296.442127744999993,4363.296590580000156
400,400.000000000000000,400,233.667747652000003,4425.951790090000031
401,401.000000000000000,401,328.494051103000004,4379.741519899999730
402,402.000000000000000,402,359.353310927999985,4473.770170720000351
403,403.000000000000000,403,377.198435755999981,4438.954878339999595
404,404.000000000000000,404,331.855234048000000,4405.851631280000220
405,405.000000000000000,405,275.680371820000005,4391.546073929999693
406,406.000000000000000,406,252.846894499000001,4412.287948909999614
407,407.000000000000000,407,311.131160347999980,4361.321463739999672
408,408.000000000000000,408,276.970461139000008,4387.138867530000425
409,409.000000000000000,409,273.819753205999973,4377.390597429999616
410,410.000000000000000,410,384.862206114999992,4450.900576340000043
411,411.000000000000000,411,323.493271225000001,4426.381092720000197
412,412.000000000000000,412,282.194119275999981,4428.506525200000397
413,413.000000000000000,413,383.528312098000015,4476.557535349999853
414,414.000000000000000,414,311.085002153000005,4407.237526869999783
415,415.000000000000000,415,343.089464562999979,4464.867533530000401
416,416.000000000000000,416,282.136198607999972,4376.646538340000006
417,417.000000000000000,417,315.007507062000002,4472.096523690000140
418,418.000000000000000,418,343.665480687000013,4456.758877219999704
419,419.000000000000000,419,255.790872029000013,4425.441886339999655
420,420.000000000000000,420,316.778536953000014,4442.946127739999611
421,421.000000000000000,421,278.372970479999992,4376.279832960000022
422,422.000000000000000,422,306.149148539000009,4418.921066900000369
423,423.000000000000000,423,317.141768038000009,4369.570823070000188
424,424.000000000000000,424,231.213484216000012,4424.280494540000291
425,425.000000000000000,425,304.264312587999996,4410.368755499999679
426,426.000000000000000,426,317.029680041999995,4366.285524869999790
427,427.000000000000000,427,276.827231482000002,4433.820738209999945
428,428.000000000000000,428,369.613901968999983,4456.318861179999658
429,429.000000000000000,429,281.591405532000010,4461.187462709999636
430,430.000000000000000,430,298.159340026999985,4401.032031769999776
431,431.000000000000000,431,301.137328398000022,4410.817064109999592
432,432.000000000000000,432,291.707871985999986,4450.887774259999787
433,433.000000000000000,433,371.551427747999981,4454.313745589999598
434,434.000000000000000,434,326.939432053000019,4453.945640330000060
435,435.000000000000000,435,344.596739166000020,4400.886168009999892
436,436.000000000000000,436,293.348420510999972,4446.253589599999941
437,437.000000000000000,437,298.184581723999997,4456.544504569999845
438,438.000000000000000,438,242.908744008000014,4442.414052930000253
439,439.000000000000000,439,311.351532319000000,4477.127293020000252
440,440.000000000000000,440,306.433320294999987,4443.186667910000324
441,441.000000000000000,441,334.389330563999977,4469.659080559999893
442,442.000000000000000,442,270.109135390000006,4384.780767049999668
443,443.000000000000000,443,385.393733834999978,4447.436237679999977
444,444.000000000000000,444,396.151022672000011,4460.832223200000044
445,445.000000000000000,445,284.889570660999993,4372.466654599999856
446,446.000000000000000,446,295.230175081000027,4461.951273470000160
447,447.000000000000000,447,276.696302066999976,4396.208142569999836
448,448.000000000000000,448,329.236099894000006,4452.771762090000266
449,449.000000000000000,449,321.785166041000025,4438.704528600000231
450,450.000000000000000,450,297.092625477000013,4453.579736669999875
451,451.000000000000000,451,298.795640014000014,4429.416272620000200
452,452.000000000000000,452,320.702189024000006,4445.653602049999790
453,453.000000000000000,453,287.740688530999989,4374.398251319999872
454,454.000000000000000,454,349.510676859999990,4434.382467270000234
455,455.000000000000000,455,370.276737631999993,4479.437020239999583
456,456.000000000000000,456,348.748585708999997,4406.600882920000004
457,457.000000000000000,457,288.656955589000006,4409.693593689999943
458,458.000000000000000,458,280.066402337999989,4371.389645680000285
459,459.000000000000000,459,291.769148464000011,4397.104215899999872
460,460.000000000000000,460,296.382216867000011,4416.313256809999984
461,461.000000000000000,461,343.045338555999990,4468.463082629999917
462,462.000000000000000,462,286.485959517000026,4429.013785510000162
463,463.000000000000000,463,352.925384381000015,4422.555362719999721
464,464.000000000000000,464,295.107673573000000,4356.210848159999841
465,465.000000000000000,465,304.588410426999985,4395.821028729999853
466,466.000000000000000,466,249.744310511000009,4405.590801960000135
467,467.000000000000000,467,387.470581813000024,4474.890890470000159
468,468.000000000000000,468,244.869895791999994,4435.213238629999978
469,469.000000000000000,469,255.575522529000011,4451.865766869999788
470,470.000000000000000,470,368.126037493000013,4474.639351660000102
471,471.000000000000000,471,397.257495330999973,4472.509672959999989
472,472.000000000000000,472,283.060595197999987,4423.608636570000272
473,473.000000000000000,473,274.828447917000005,4385.138368480000281
474,474.000000000000000,474,282.954960921999998,4364.196850129999802
475,475.000000000000000,475,292.020651422000014,4459.374825459999556
476,476.000000000000000,476,298.650799168999981,4397.017002980000143
477,477.000000000000000,477,257.070618807000017,4374.134929480000210
478,478.000000000000000,478,303.380868571000008,4382.358043299999736
479,479.000000000000000,479,296.329275111000015,4446.216789090000020
480,480.000000000000000,480,325.456117989999996,4400.878446259999691
481,481.000000000000000,481,318.640859174000013,4392.421344409999620
482,482.000000000000000,482,305.708971474999998,4407.099735460000375
483,483.000000000000000,483,307.914468866999982,4414.828694499999983
484,484.000000000000000,484,340.121711496999978,4458.301601109999865
485,485.000000000000000,485,285.390031678000014,4381.560978550000073
486,486.000000000000000,486,292.543747166999992,4444.477693959999669
487,487.000000000000000,487,359.854675281000027,4438.453006839999944
488,488.000000000000000,488,241.699161637999993,4440.522010949999640
489,489.000000000000000,489,309.466852616999972,4404.097797149999678
490,490.000000000000000,490,268.715789551999990,4435.081929429999946
491,491.000000000000000,491,308.149580915000001,4465.645801710000342
492,492.000000000000000,492,264.947931883000024,4405.099698209999588
493,493.000000000000000,493,338.150638145000016,4450.483882499999709
494,494.000000000000000,494,365.464103636000004,4478.979767210000318
495,495.000000000000000,495,332.569356646000017,4401.001209519999975
496,496.000000000000000,496,302.083673614000020,4419.095516200000020
497,497.000000000000000,497,346.638089481999998,4459.784872649999670
498,498.000000000000000,498,305.103836280999985,4364.537214330000097
499,499.000000000000000,499,300.250813631000028,4461.224470199999814
500,500.000000000000000,500,316.256638021000015,4479.424219100000300
501,501.000000000000000,501,327.306251600999985,4482.650926989999789
502,502.000000000000000,502,279.528268528000012,4434.876398479999807
503,503.000000000000000,503,284.730668481999999,4377.956682949999959
504,504.000000000000000,504,344.990280303000020,4404.663352030000169
505,505.000000000000000,505,270.271601700000019,4454.648746449999635
506,506.000000000000000,506,369.625221570000008,4462.349642129999665
507,507.000000000000000,507,338.774981824000008,4390.532475529999829
508,508.000000000000000,508,306.532516982999994,4427.175693529999990
509,509.000000000000000,509,328.481461443999990,4485.725319019999915
510,510.000000000000000,510,289.641703967000012,4458.238272710000274
511,511.000000000000000,511,354.158954054999981,4449.566893979999804
512,512.000000000000000,512,347.904502146000027,4462.583276170000318
513,513.000000000000000,513,302.027287601000012,4359.920360080000137
514,514.000000000000000,514,386.491533361999984,4483.072031570000036
515,515.000000000000000,515,314.379634200999988,4409.869957709999653
516,516.000000000000000,516,301.137161982999999,4402.617913850000150
517,517.000000000000000,517,263.880306628000028,4455.417521080000370
518,518.000000000000000,518,244.473210781999995,4416.679148840000380
519,519.000000000000000,519,327.419796440000027,4441.219531630000347
520,520.000000000000000,520,282.214830964999976,4447.982303589999901
521,521.000000000000000,521,305.483178850999991,4360.419793469999604
522,522.000000000000000,522,281.369661679999979,4413.358138999999937
523,523.000000000000000,523,361.305129877000013,4445.250444180000159
524,524.000000000000000,524,257.815130484000008,4378.202943090000190
525,525.000000000000000,525,274.938047843999982,4381.667299159999857
526,526.000000000000000,526,310.466423910999993,4466.357336400000349
527,527.000000000000000,527,236.240534609999997,4423.471127349999733
528,528.000000000000000,528,357.605571334999979,4420.521559060000072
529,529.000000000000000,529,339.006564958000013,4463.071402579999813
530,530.000000000000000,530,343.694117779999999,4417.964139360000445
531,531.000000000000000,531,309.299121668999987,4485.327008410000417
532,532.000000000000000,532,328.862965706000011,4460.867014239999662
533,533.000000000000000,533,315.051109509000014,4382.652098499999738
534,534.000000000000000,534,248.537556332999998,4394.608606409999993
535,535.000000000000000,535,379.529236289999972,4475.165473490000295
536,536.000000000000000,536,344.230863619999980,4476.792692650000390
537,537.000000000000000,537,310.601548560000026,4481.465793239999584
538,538.000000000000000,538,253.154846904000010,4459.768067199999678
539,539.000000000000000,539,300.959577970999987,4430.426966130000437
540,540.000000000000000,540,223.899371309999992,4431.216139490000387
541,541.000000000000000,541,275.904558760999976,4430.769574529999772
542,542.000000000000000,542,288.737037070999975,4382.068555290000404
543,543.000000000000000,543,298.548829167999997,4361.525733749999745
544,544.000000000000000,544,242.013225266999996,4410.129435070000000
545,545.000000000000000,545,371.628675499999986,4448.427612460000091
546,546.000000000000000,546,309.542332380000005,4385.733076489999803
547,547.000000000000000,547,306.234338541000000,4482.146884949999730
548,548.000000000000000,548,314.152950609000015,4387.911231750000297
549,549.000000000000000,549,393.084614343999988,4471.144347430000380
550,550.000000000000000,550,266.636904169999980,4423.694684289999714
551,551.000000000000000,551,249.687995626999992,4456.761053510000238
552,552.000000000000000,552,287.698794857999985,4409.521396160000222
553,553.000000000000000,553,341.021569098999976,4467.261710220000168
554,554.000000000000000,554,327.648228341999982,4487.963066850000359
555,555.000000000000000,555,260.143311975000017,4379.009784660000150
556,556.000000000000000,556,301.477088802000026,4423.104343560000416
557,557.000000000000000,557,324.583070765000002,4478.180332920000183
558,558.000000000000000,558,327.991347417999975,4414.398452749999706
559,559.000000000000000,559,315.279542574000004,4490.020237190000444
560,560.000000000000000,560,280.708150730000000,4425.153066419999959
561,561.000000000000000,561,268.617423600999985,4438.783836300000075
562,562.000000000000000,562,304.393825316000004,4391.829429610000261
563,563.000000000000000,563,333.862009827999998,4467.060493940000015
564,564.000000000000000,564,357.028289576000020,4438.275851379999949
565,565.000000000000000,565,255.235776635999997,4464.001029320000271
566,566.000000000000000,566,371.372610384999973,4477.414943910000147
567,567.000000000000000,567,267.634370147000027,4443.707746979999683
568,568.000000000000000,568,311.122901860000013,4482.669993729999987
569,569.000000000000000,569,285.612614389999976,4424.909436830000232
570,570.000000000000000,570,267.137594771000010,4450.179627350000374
571,571.000000000000000,571,379.494709340999975,4462.486534009999559
572,572.000000000000000,572,305.263616121999974,4445.814515590000155
573,573.000000000000000,573,310.579845362000015,4363.856638139999632
574,574.000000000000000,574,259.812802793999992,4397.870569689999684
575,575.000000000000000,575,253.801860158000011,4448.343266300000323
576,576.000000000000000,576,284.647557926999980,4385.653025249999700
577,577.000000000000000,577,330.025662808999982,4423.224170000000413
578,578.000000000000000,578,375.156544236000002,4463.538223649999964
579,579.000000000000000,579,353.598114990999989,4466.989659220000249
580,580.000000000000000,580,326.332877144000008,4364.425082030000340
581,581.000000000000000,581,346.263978974999986,4461.173733429999629
582,582.000000000000000,582,290.610178115999986,4406.927359379999871
583,583.000000000000000,583,327.036719483000013,4382.508317640000314
584,584.000000000000000,584,311.698770591000027,4398.896171389999836
585,585.000000000000000,585,315.080243592999977,4462.757995879999726
586,586.000000000000000,586,364.451193586999977,4465.099150590000136
587,587.000000000000000,587,294.885328357999981,4422.378501950000100
588,588.000000000000000,588,220.570728398999989,4437.198908770000344
589,589.000000000000000,589,369.996763708000003,4444.606467749999865
590,590.000000000000000,590,323.279509985000004,4400.035693400000127
591,591.000000000000000,591,233.312336536999993,4445.469781570000123
592,592.000000000000000,592,310.281663809000008,4439.446237649999603
593,593.000000000000000,593,274.225989002000006,4458.316359159999593
594,594.000000000000000,594,250.717629340000002,4455.400718400000187
595,595.000000000000000,595,336.158473323000010,4375.999473470000339
596,596.000000000000000,596,306.452014392000024,4357.342616079999971
597,597.000000000000000,597,285.406730648999996,4362.206509769999684
598,598.000000000000000,598,359.112983434999990,4470.280951099999584
599,599.000000000000000,599,255.422112082000012,4420.405386360000193
600,600.000000000000000,600,320.876135606999981,4463.648028020000311
601,601.000000000000000,601,255.942377453999995,4384.619171500000448
602,602.000000000000000,602,318.987101806999988,4433.568667069999719
603,603.000000000000000,603,277.189548245000026,4393.740334920000350
604,604.000000000000000,604,304.984125856999981,4355.489903499999855
605,605.000000000000000,605,294.195779322000021,4374.249120180000318
606,606.000000000000000,606,252.189119723999994,4378.354161250000288
607,607.000000000000000,607,386.700686259000008,4455.436046939999869
608,608.000000000000000,608,231.941878690000010,4429.867053930000111
609,609.000000000000000,609,263.926650318999975,4374.806319100000110
610,610.000000000000000,610,366.707245897000007,4446.003247349999583
611,611.000000000000000,611,270.809342392000019,4396.448804990000099
612,612.000000000000000,612,311.096252101999994,4391.620635450000009
613,613.000000000000000,613,324.026586067999972,4373.771707019999667
614,614.000000000000000,614,340.866125588999978,4478.276092310000422
615,615.000000000000000,615,345.297259702000019,4433.436876949999714
616,616.000000000000000,616,352.601451614999974,4434.257986999999957
617,617.000000000000000,617,240.182974105000000,4426.277125839999826
618,618.000000000000000,618,243.648829490999987,4447.788854839999658
619,619.000000000000000,619,306.573832684000024,4449.247251400000096
620,620.000000000000000,620,323.584883429000001,4429.913210869999602
621,621.000000000000000,621,325.989470256000004,4402.913024319999749
622,622.000000000000000,622,364.218517987999974,4436.273287170000003
623,623.000000000000000,623,315.796033341999987,4396.318535440000232
624,624.000000000000000,624,317.788725931999977,4453.013996069999848
625,625.000000000000000,625,333.325361267000005,4470.574126270000306
626,626.000000000000000,626,257.787125205999985,4389.394765699999880
627,627.000000000000000,627,322.841599792000011,4416.947998990000087
628,628.000000000000000,628,381.023878536999973,4454.294250580000153
629,629.000000000000000,629,257.829446932999986,4381.017758730000423
630,630.000000000000000,630,249.366250903999997,4422.958546179999757
631,631.000000000000000,631,236.865880833999995,4430.533056479999686
632,632.000000000000000,632,289.756913961000009,4454.462048759999561
633,633.000000000000000,633,261.578045324000016,4400.103446889999759
634,634.000000000000000,634,309.749814125999990,4411.365952649999599
635,635.000000000000000,635,364.107436526000015,4448.280677120000291
636,636.000000000000000,636,345.427740970999992,4437.795798690000083
637,637.000000000000000,637,307.902523386999974,4353.442162870000175
638,638.000000000000000,638,380.129433077999977,4486.836600669999825
639,639.000000000000000,639,331.969665130999999,4390.237057930000447
640,640.000000000000000,640,312.716323873000022,4373.745927560000382
641,641.000000000000000,641,295.214247569999998,4413.349922379999953
642,642.000000000000000,642,321.242265746999976,4414.384405939999851
643,643.000000000000000,643,321.735801902999981,4433.384632180000153
644,644.000000000000000,644,316.259181839999997,4361.340698019999763
645,645.000000000000000,645,286.329376539000009,4357.056930069999908
646,646.000000000000000,646,312.258985729000017,4448.554859269999724
647,647.000000000000000,647,265.289621810000028,4388.980552119999629
648,648.000000000000000,648,242.776855355000009,4397.880398930000410
649,649.000000000000000,649,298.868062146000000,4422.991189530000156
650,650.000000000000000,650,389.374451380999972,4470.758145439999680
651,651.000000000000000,651,277.661900077999974,4423.283241320000343
652,652.000000000000000,652,328.635828677999996,4428.095946630000071
653,653.000000000000000,653,359.938843242000019,4434.989476499999910
654,654.000000000000000,654,272.969693839999991,4431.788512860000083
655,655.000000000000000,655,326.197532525999975,4433.758493540000018
656,656.000000000000000,656,292.386906167000006,4426.169188769999892
657,657.000000000000000,657,347.406808253000008,4467.839812549999806
658,658.000000000000000,658,286.520252810999978,4417.378830689999631
659,659.000000000000000,659,344.449183802999983,4459.562820770000144
660,660.000000000000000,660,337.259645385999988,4382.172643550000430
661,661.000000000000000,661,250.443787576999995,4452.117307339999570
662,662.000000000000000,662,336.310959477999972,4387.579836150000119
663,663.000000000000000,663,299.323484547000021,4466.247838549999869
664,664.000000000000000,664,286.835671772000012,4367.784424270000272
665,665.000000000000000,665,299.671518726999977,4403.241227339999568
666,666.000000000000000,666,337.805825427000002,4395.500567699999920
667,667.000000000000000,667,267.561751898000011,4419.007514719999563
668,668.000000000000000,668,296.051749561999998,4385.773830479999560
669,669.000000000000000,669,312.254800117000002,4411.156671910000114
670,670.000000000000000,670,381.473346987000014,4482.486409809999714
671,671.000000000000000,671,288.072734910999998,4401.253301099999589
672,672.000000000000000,672,399.290704270999981,4468.513398269999925
673,673.000000000000000,673,257.425755071000026,4454.830468750000364
674,674.000000000000000,674,250.417931073999995,4445.793926440000178
675,675.000000000000000,675,365.481553963000010,4440.884722980000333
676,676.000000000000000,676,291.683782862999976,4393.302269789999627
677,677.000000000000000,677,354.332652918000008,4462.080675680000240
678,678.000000000000000,678,319.270081469999980,4396.718529679999847
679,679.000000000000000,679,295.127278159000014,4390.344662939999580
680,680.000000000000000,680,269.284766122999997,4427.911865600000056
681,681.000000000000000,681,255.915923588999988,4402.436210259999825
682,682.000000000000000,682,349.542832309999994,4465.727157979999902
683,683.000000000000000,683,357.615931779999983,4461.126553150000291
684,684.000000000000000,684,301.477253940000026,4401.738308709999728
685,685.000000000000000,685,250.825264032000007,4380.364935210000112
686,686.000000000000000,686,322.985738212000001,4447.871080490000168
687,687.000000000000000,687,341.645398410999974,4406.606340799999998
688,688.000000000000000,688,309.359071562999986,4466.916509100000440
689,689.000000000000000,689,305.899617100000000,4460.824206969999977
690,690.000000000000000,690,254.535626420000000,4413.468571440000233
691,691.000000000000000,691,295.379838958999983,4424.218883810000079
692,692.000000000000000,692,261.881476469000006,4416.555879599999571
693,693.000000000000000,693,356.373639895999986,4470.777840319999996
694,694.000000000000000,694,280.587382451999986,4403.706061670000054
695,695.000000000000000,695,336.941458693000016,4469.612960280000152
696,696.000000000000000,696,244.212253185000009,4422.122335740000381
697,697.000000000000000,697,330.379910402999997,4459.791366450000169
698,698.000000000000000,698,347.021644493999986,4422.982478189999711
699,699.000000000000000,699,335.587779420000004,4383.163223319999815
700,700.000000000000000,700,308.416015257000026,4410.748731769999722
701,701.000000000000000,701,298.976201372999981,4456.777057350000177
702,702.000000000000000,702,268.044558559999984,4449.632827860000361
703,703.000000000000000,703,313.805620983999972,4369.216369060000034
704,704.000000000000000,704,293.412253410999995,4427.367232259999582
705,705.000000000000000,705,293.790683747999992,4413.591474570000173
706,706.000000000000000,706,329.693441769999993,4419.546799450000435
707,707.000000000000000,707,240.944488135999990,4423.663701870000295
708,708.000000000000000,708,319.360146746999987,4401.661319320000075
709,709.000000000000000,709,349.555187479999972,4408.180652740000369
710,710.000000000000000,710,329.734942450999995,4462.802052420000109
711,711.000000000000000,711,261.289172034999979,4422.155849089999720
712,712.000000000000000,712,268.066990728999997,4448.132429070000398
713,713.000000000000000,713,252.483534128000002,4416.011168869999892
714,714.000000000000000,714,384.386750720999999,4487.976233819999834
715,715.000000000000000,715,246.524602858000009,4438.263981690000037
716,716.000000000000000,716,293.535835135000013,4398.927490340000077
717,717.000000000000000,717,319.740325121000012,4479.549228220000259
718,718.000000000000000,718,298.503660033000017,4477.080542589999823
719,719.000000000000000,719,373.242269441000019,4441.689608609999596
720,720.000000000000000,720,265.908987821999972,4441.175091299999622
721,721.000000000000000,721,279.450328866999996,4429.501640790000238
722,722.000000000000000,722,336.626161485000011,4476.511749719999898
723,723.000000000000000,723,247.512281720000004,4457.536503139999695
724,724.000000000000000,724,319.924195028999975,4384.012429759999577
725,725.000000000000000,725,242.867863798000002,4395.104423769999812
726,726.000000000000000,726,331.499932291999983,4419.614707450000424
727,727.000000000000000,727,259.102232999000023,4390.848817109999800
728,728.000000000000000,728,297.652285418000019,4421.029267079999954
729,729.000000000000000,729,304.131647111999996,4403.513253060000352
730,730.000000000000000,730,321.929862690999983,4374.816009789999953
731,731.000000000000000,731,315.986917120999976,4398.802506660000290
732,732.000000000000000,732,304.927588995999997,4425.314042680000057
733,733.000000000000000,733,259.201562285000023,4385.639304469999843
734,734.000000000000000,734,380.205967967999982,4452.443821019999632
735,735.000000000000000,735,292.321767162000015,4415.469080470000335
736,736.000000000000000,736,261.626744319000011,4401.437798019999718
737,737.000000000000000,737,288.876414984999997,4416.390528349999840
738,738.000000000000000,738,308.772779085000025,4378.757142399999793
739,739.000000000000000,739,376.978500638000014,4465.964842530000169
740,740.000000000000000,740,266.108160155000007,4455.362036300000000
741,741.000000000000000,741,308.755525496000018,4373.405471420000140
742,742.000000000000000,742,293.943107645999987,4401.291236860000026
743,743.000000000000000,743,351.712117536999983,4439.885651909999979
744,744.000000000000000,744,347.249559515999977,4458.512038310000207
745,745.000000000000000,745,312.691346081000006,4393.742090599999756
746,746.000000000000000,746,317.334836493000012,4399.884879019999971
747,747.000000000000000,747,340.590076059000012,4484.944371880000290
748,748.000000000000000,748,290.574515727000005,4420.007360620000327
749,749.000000000000000,749,223.799533571000012,4437.246707739999692
750,750.000000000000000,750,322.798051185000020,4398.756251959999645
751,751.000000000000000,751,372.271439197999996,4456.842914060000112
752,752.000000000000000,752,342.644765285999995,4445.983288780000294
753,753.000000000000000,753,301.796011792999991,4446.216875119999713
754,754.000000000000000,754,228.781243942000003,4437.870148099999824
755,755.000000000000000,755,369.415336017000016,4436.868123219999688
756,756.000000000000000,756,259.835623257000009,4451.410256549999758
757,757.000000000000000,757,296.200642829999993,4418.542882669999926
758,758.000000000000000,758,259.342600192000020,4425.410518710000360
759,759.000000000000000,759,329.818909034999990,4490.012254299999768
760,760.000000000000000,760,327.928391605000002,4447.677920680000170
761,761.000000000000000,761,254.516433411999998,4421.880774180000117
762,762.000000000000000,762,246.871161897999997,4458.518069509999805
763,763.000000000000000,763,359.326364790000014,4470.896225880000202
764,764.000000000000000,764,363.757463018999999,4475.226830759999757
765,765.000000000000000,765,338.357305669000027,4408.842199110000365
766,766.000000000000000,766,297.106219222999982,4471.690517609999915
767,767.000000000000000,767,332.528256446000000,4425.028815839999879
768,768.000000000000000,768,252.760413352999990,4403.916441549999945
769,769.000000000000000,769,280.837999846999992,4428.653434009999728
770,770.000000000000000,770,337.707917230000021,4442.706479710000167
771,771.000000000000000,771,275.014969407000024,4400.221987339999941
772,772.000000000000000,772,314.580638476999980,4485.219529330000114
773,773.000000000000000,773,378.896136866000006,4476.372321609999744
774,774.000000000000000,774,270.811428628999977,4400.669485180000265
775,775.000000000000000,775,273.079596293000009,4399.650016560000040
776,776.000000000000000,776,312.010065768999993,4467.469575780000014
777,777.000000000000000,777,355.639644496000017,4456.827887100000225
778,778.000000000000000,778,300.771118702000024,4475.869914550000431
779,779.000000000000000,779,291.972202193999976,4423.418014150000090
780,780.000000000000000,780,281.632497662999981,4413.335801180000090
781,781.000000000000000,781,324.837993618999974,4388.385532229999626
782,782.000000000000000,782,266.081416407000006,4387.372028269999646
783,783.000000000000000,783,317.186282081000002,4398.451144970000314
784,784.000000000000000,784,278.207202560999974,4437.160974860000351
785,785.000000000000000,785,296.189647008000009,4466.704678009999952
786,786.000000000000000,786,256.653238776000023,4456.384117720000177
787,787.000000000000000,787,243.556047948000014,4391.890380050000203
788,788.000000000000000,788,273.129578093000021,4395.816255429999728
789,789.000000000000000,789,296.518121613999995,4401.056497470000068
790,790.000000000000000,790,314.711710367000023,4403.497047689999818
791,791.000000000000000,791,379.269545569999991,4487.525470280000263
792,792.000000000000000,792,246.904702915999991,4421.377894090000154
793,793.000000000000000,793,249.425294498000000,4428.544558130000041
794,794.000000000000000,794,347.867142197000021,4465.251097149999623
795,795.000000000000000,795,254.328542061000007,4426.802376669999830
796,796.000000000000000,796,288.808176820000028,4461.738760379999803
797,797.000000000000000,797,320.946762588000013,4393.198402340000030
798,798.000000000000000,798,286.683242765999978,4380.968357009999636
799,799.000000000000000,799,267.040863257000012,4452.085851259999799
800,800.000000000000000,800,307.983171437999999,4473.325477639999917
801,801.000000000000000,801,374.537366166000027,4449.645874400000139
802,802.000000000000000,802,309.744070428999976,4413.327985990000343
803,803.000000000000000,803,337.744254362999982,4478.994826060000378
804,804.000000000000000,804,299.387890228999993,4462.880493169999681
805,805.000000000000000,805,277.294929809999985,4386.018134820000341
806,806.000000000000000,806,321.886278592999986,4379.735693720000199
807,807.000000000000000,807,368.769039851999992,4442.844573800000035
808,808.000000000000000,808,344.863463376000027,4408.747227449999627
809,809.000000000000000,809,314.679878868000003,4377.806275719999576
810,810.000000000000000,810,278.590604713999994,4382.054895090000173
811,811.000000000000000,811,317.550058843999977,4415.431332660000407
812,812.000000000000000,812,302.616271252999979,4441.895786099999896
813,813.000000000000000,813,287.510092699999973,4453.812284249999720
814,814.000000000000000,814,340.415286809000008,4396.278369419999763
815,815.000000000000000,815,299.742331530000001,4428.774994589999551
816,816.000000000000000,816,341.975282689999972,4432.786081199999899
817,817.000000000000000,817,314.514404429000024,4390.490044400000443
818,818.000000000000000,818,325.214425060999986,4459.886529850000443
819,819.000000000000000,819,359.763675181999986,4453.267475669999840
820,820.000000000000000,820,331.997438953000028,4448.837269740000011
821,821.000000000000000,821,352.193229923999979,4462.210407329999725
822,822.000000000000000,822,324.387985827000023,4494.146793730000354
823,823.000000000000000,823,369.946828605999997,4432.543796339999972
824,824.000000000000000,824,396.490963323000017,4459.210021509999933
825,825.000000000000000,825,349.056308906000027,4464.723823500000435
826,826.000000000000000,826,273.930486971999983,4392.676239669999632
827,827.000000000000000,827,320.878869335999980,4437.677464999999756
828,828.000000000000000,828,313.272261663999984,4403.327066460000424
829,829.000000000000000,829,300.853108716000008,4403.054873770000086
830,830.000000000000000,830,335.053539232999981,4426.428391630000078
831,831.000000000000000,831,263.661161767000010,4399.508183230000213
832,832.000000000000000,832,318.765418228999977,4414.371170110000094
833,833.000000000000000,833,299.051410133999980,4390.310301299999992
834,834.000000000000000,834,355.188419509000028,4454.098513169999933
835,835.000000000000000,835,307.516845230000001,4435.273101419999875
836,836.000000000000000,836,322.444342373999973,4413.850979740000184
837,837.000000000000000,837,368.772581136999975,4466.087446790000286
838,838.000000000000000,838,335.899663434999979,4472.751838709999902
839,839.000000000000000,839,341.433665834999999,4482.348497969999698
840,840.000000000000000,840,242.891252320000007,4424.018340100000387
841,841.000000000000000,841,303.755292241000006,4437.022768830000132
842,842.000000000000000,842,314.910843424999996,4437.033934740000404
843,843.000000000000000,843,266.205155564999984,4375.529222789999949
844,844.000000000000000,844,356.725345772000026,4445.654200500000115
845,845.000000000000000,845,313.815447346999974,4412.340234620000047
846,846.000000000000000,846,292.597712477000016,4411.093490909999673
847,847.000000000000000,847,275.032869711999979,4386.961893830000008
848,848.000000000000000,848,323.394901209000011,4404.388815989999785
849,849.000000000000000,849,256.829408657999977,4396.806498029999602
850,850.000000000000000,850,336.476698797999973,4467.802390369999557
851,851.000000000000000,851,294.724800414000015,4379.300751579999996
852,852.000000000000000,852,287.790372606999995,4421.458073179999701
853,853.000000000000000,853,279.128648956999996,4416.963437890000023
854,854.000000000000000,854,258.432227282999975,4399.018348630000219
855,855.000000000000000,855,391.004319816000020,4455.400455459999648
856,856.000000000000000,856,295.851336171000014,4407.805143739999949
857,857.000000000000000,857,304.537695348999989,4369.858392219999587
858,858.000000000000000,858,307.691484929000012,4373.080917579999550
859,859.000000000000000,859,285.675536248000014,4384.115163039999970
860,860.000000000000000,860,328.960968408999975,4487.666100030000052
861,861.000000000000000,861,292.275010189999989,4359.476322839999739
862,862.000000000000000,862,220.266677023999989,4433.952487960000326
863,863.000000000000000,863,332.310382915999980,4489.311458629999834
864,864.000000000000000,864,313.631865033999986,4433.508354720000170
865,865.000000000000000,865,271.225661337000020,4432.489997419999781
866,866.000000000000000,866,336.684906870000020,4473.257320470000195
867,867.000000000000000,867,348.991626182000005,4426.060874429999785
868,868.000000000000000,868,292.401886003000016,4463.061192639999717
869,869.000000000000000,869,358.572090410999976,4434.302344429999721
870,870.000000000000000,870,282.574812117000022,4372.692388010000286
871,871.000000000000000,871,319.076033414999984,4429.269970649999777
872,872.000000000000000,872,265.122074934000011,4417.782333140000446
873,873.000000000000000,873,312.122783056000003,4390.465512939999826
874,874.000000000000000,874,327.330548103000012,4402.012192559999676
875,875.000000000000000,875,294.721349030999988,4400.607600620000085
876,876.000000000000000,876,376.164544952000028,4434.507713310000327
877,877.000000000000000,877,327.742446040999994,4481.086574640000435
878,878.000000000000000,878,280.394314978000011,4415.401326719999815
879,879.000000000000000,879,321.914513161999992,4457.670156680000218
880,880.000000000000000,880,280.482380492000004,4378.675150019999819
881,881.000000000000000,881,266.117213978999985,4446.411427799999728
882,882.000000000000000,882,299.025949619000016,4359.766322970000147
883,883.000000000000000,883,255.985195572999999,4430.886838589999570
884,884.000000000000000,884,287.477355634999981,4356.435749559999749
885,885.000000000000000,885,272.863625082999988,4448.296862840000358
886,886.000000000000000,886,301.375655768000001,4358.128759379999792
887,887.000000000000000,887,319.083966167000028,4471.623606080000172
888,888.000000000000000,888,316.176676520000001,4464.926549550000345
889,889.000000000000000,889,314.710174443000028,4442.010992249999617
890,890.000000000000000,890,270.006756144000008,4416.737178839999615
891,891.000000000000000,891,297.273523663999981,4359.189709309999671
892,892.000000000000000,892,389.451617619999979,4459.987965330000407
893,893.000000000000000,893,315.712431007000021,4421.107073320000381
894,894.000000000000000,894,300.310811478000005,4477.752295629999935
895,895.000000000000000,895,326.704063775999998,4443.772200569999768
896,896.000000000000000,896,382.454264706000004,4459.341126309999709
897,897.000000000000000,897,254.919321604000004,4449.637603709999894
898,898.000000000000000,898,302.113333839000006,4406.231635940000160
899,899.000000000000000,899,240.105406089000013,4430.113817010000275
900,900.000000000000000,900,345.795863837000013,4440.551121980000062
901,901.000000000000000,901,302.310655253999983,4438.682232090000070
902,902.000000000000000,902,304.410582073000000,4438.579897949999577
903,903.000000000000000,903,266.092965031000006,4417.417219289999593
904,904.000000000000000,904,267.020547293999982,4456.379271820000213
905,905.000000000000000,905,242.355884833000005,4413.732509909999862
906,906.000000000000000,906,285.453814648999980,4356.395322430000306
907,907.000000000000000,907,314.498825119999992,4434.642193720000250
908,908.000000000000000,908,304.338188081999988,4400.477821069999663
909,909.000000000000000,909,367.924627287000021,4471.198562759999731
910,910.000000000000000,910,307.752902472000017,4376.107443290000447
911,911.000000000000000,911,288.002027630999976,4404.656940300000315
912,912.000000000000000,912,245.307699589000009,4443.486588540000412
913,913.000000000000000,913,330.336977201000025,4380.069290209999963
914,914.000000000000000,914,316.914416159999973,4423.668289709999954
915,915.000000000000000,915,225.848044925000011,4436.674361829999725
916,916.000000000000000,916,235.940576498000013,4448.528413799999726
917,917.000000000000000,917,293.434020727000018,4403.939925960000437
918,918.000000000000000,918,253.925531718999991,4419.067522960000133
919,919.000000000000000,919,367.580623441999990,4433.218441019999773
920,920.000000000000000,920,342.343409318999988,4443.218615499999942
921,921.000000000000000,921,391.098963989000026,4474.050179189999653
922,922.000000000000000,922,303.726693434000026,4416.006364699999722
923,923.000000000000000,923,346.812819653000020,4482.498678820000350
924,924.000000000000000,924,280.439905013999976,4359.561806509999769
925,925.000000000000000,925,356.223937924999973,4479.717007059999560
926,926.000000000000000,926,358.463016591999974,4455.469852920000449
927,927.000000000000000,927,345.298425629999997,4445.355479130000276
928,928.000000000000000,928,249.637372155000008,4448.165820379999786
929,929.000000000000000,929,321.602930327000024,4472.960342289999971
930,930.000000000000000,930,373.888451626000005,4473.033217920000425
931,931.000000000000000,931,238.615077963999994,4426.584928070000387
932,932.000000000000000,932,366.879903021000018,4438.826723799999854
933,933.000000000000000,933,248.877189485999992,4406.233484919999682
934,934.000000000000000,934,303.523871349999979,4472.894302769999740
935,935.000000000000000,935,318.178134881999995,4367.813774899999771
936,936.000000000000000,936,357.967357672999981,4441.196876979999615
937,937.000000000000000,937,326.914441978000013,4406.079116509999949
938,938.000000000000000,938,346.926563176000002,4418.951071309999861
939,939.000000000000000,939,236.772973782999998,4437.245530600000166
940,940.000000000000000,940,335.771358411999984,4476.494681289999789
941,941.000000000000000,941,336.879266429999973,4459.114215790000344
942,942.000000000000000,942,245.022302728999989,4397.963777500000106
943,943.000000000000000,943,266.068987682999989,4430.880216260000452
944,944.000000000000000,944,352.257678060999979,4447.275431949999984
945,945.000000000000000,945,274.128268467999987,4387.657483719999618
946,946.000000000000000,946,281.657251384999995,4404.653995710000345
947,947.000000000000000,947,289.403377604000013,4380.020490550000432
948,948.000000000000000,948,323.476553583999987,4470.638097439999910
949,949.000000000000000,949,387.707722369999999,4460.055474939999840
950,950.000000000000000,950,291.573543315999984,4455.765715190000265
951,951.000000000000000,951,322.128133659000014,4446.975822280000102
952,952.000000000000000,952,244.147326834000012,4443.844289450000360
953,953.000000000000000,953,275.177668682999979,4428.572775130000082
954,954.000000000000000,954,282.335277317000021,4395.757538599999862
955,955.000000000000000,955,288.214885890000005,4451.003531069999553
956,956.000000000000000,956,308.563033888000007,4413.193993150000097
957,957.000000000000000,957,290.219685713999979,4412.334974880000118
958,958.000000000000000,958,286.286065346999976,4414.861586359999819
959,959.000000000000000,959,389.226097410000023,4467.511829449999823
960,960.000000000000000,960,295.362858387000017,4358.065461999999570
961,961.000000000000000,961,333.878315311999984,4418.546403389999796
962,962.000000000000000,962,336.219457030999990,4453.618515170000137
963,963.000000000000000,963,335.903125965000015,4432.682759190000070
964,964.000000000000000,964,359.201911225000003,4431.609993160000158
965,965.000000000000000,965,334.836886074999995,4379.759247070000129
966,966.000000000000000,966,285.849688164999975,4416.347313819999727
967,967.000000000000000,967,366.862311955999985,4426.415379230000326
968,968.000000000000000,968,303.217457755999988,4371.775005159999637
969,969.000000000000000,969,323.636917294000000,4395.179588510000031
970,970.000000000000000,970,342.730023802999995,4475.532210059999670
971,971.000000000000000,971,313.948180638999986,4371.880361769999581
972,972.000000000000000,972,295.290972365000016,4446.977657090000321
973,973.000000000000000,973,352.676527958000008,4480.296001689999684
974,974.000000000000000,974,401.312717018999990,4469.110156480000114
975,975.000000000000000,975,328.515140135000024,4484.088822730000174
976,976.000000000000000,976,331.016228838000018,4408.341294959999686
977,977.000000000000000,977,313.539479508999989,4459.515910529999928
978,978.000000000000000,978,261.748834686000009,4415.649911999999858
979,979.000000000000000,979,320.199079996000023,4461.111598589999630
980,980.000000000000000,980,266.288288840999996,4415.750562119999813
981,981.000000000000000,981,363.356222923000018,4444.293078529999548
982,982.000000000000000,982,318.815486216000011,4377.620904729999893
983,983.000000000000000,983,253.322802537000001,4400.013364039999942
984,984.000000000000000,984,286.535871171999986,4409.380723209999815
985,985.000000000000000,985,255.491759145000003,4416.408344370000123
986,986.000000000000000,986,328.336178136999990,4404.071357120000357
987,987.000000000000000,987,254.077548654999987,4383.194717319999654
988,988.000000000000000,988,301.555652841999972,4399.543134559999999
989,989.000000000000000,989,309.964376981999976,4480.326348229999894
990,990.000000000000000,990,295.842437677000021,4395.901666759999898
991,991.000000000000000,991,340.379927650000013,4419.683693050000329
992,992.000000000000000,992,380.046146739999983,4473.871797859999788
993,993.000000000000000,993,301.625989080000011,4468.963563670000440
994,994.000000000000000,994,392.572669212999983,4476.046334069999830
995,995.000000000000000,995,228.077514258999997,4445.379053259999637
996,996.000000000000000,996,257.698308129999987,4439.350304309999956
997,997.000000000000000,997,320.720177122999985,4388.897221360000003
998,998.000000000000000,998,313.949139586000001,4394.137712040000224
999,999.000000000000000,999,289.952230466999993,4453.751607780000086