FID,farmer_ID,commu_ID,area,commu_new,lql
0,0.000000000000000,7,265027.047263999993447,0,0
1,1.000000000000000,6,3886.860674890000155,4,0
2,2.000000000000000,0,749.261723131000053,1,1
3,3.000000000000000,2,101.942154208000005,3,0
4,4.000000000000000,2,991.919182989999968,3,0
5,5.000000000000000,6,2019.376735600000075,4,0
6,6.000000000000000,3,389.269642498999985,3,1
7,7.000000000000000,8,3327.442066950000026,4,0
8,8.000000000000000,0,685.675674481999977,1,1
9,9.000000000000000,0,695.582400740000026,1,1
10,10.000000000000000,7,345.341008163000026,2,0
11,11.000000000000000,3,2147.677273090000199,3,0
12,12.000000000000000,2,162.752118055000011,3,0
13,13.000000000000000,5,3433.027922790000048,4,1
14,14.000000000000000,3,1870.450212149999970,3,0
15,15.000000000000000,4,860.680239103999952,2,0
16,16.000000000000000,7,1518.838795359999949,2,1
17,17.000000000000000,8,5845.031442700000298,4,1
18,18.000000000000000,3,1192.877601489999961,3,1
19,19.000000000000000,4,4308.896121159999893,2,0
20,20.000000000000000,8,1854.036961719999908,4,0
21,21.000000000000000,5,255.391528991000001,4,0
22,22.000000000000000,0,78.099889286000007,1,0
23,23.000000000000000,0,602.271726050999973,1,0
24,24.000000000000000,3,275.128995926000016,3,1
25,25.000000000000000,3,2432.721972759999971,3,0
26,26.000000000000000,7,766.904857518999961,2,1
27,27.000000000000000,7,244.863961826999997,2,0
28,28.000000000000000,3,1614.294454390000055,3,1
29,29.000000000000000,3,430.863003816000003,3,0
30,30.000000000000000,5,501.765148900999975,4,0
31,31.000000000000000,4,2295.438671540000087,2,1
32,32.000000000000000,1,1033.469740230000070,3,0
33,33.000000000000000,4,1229.600635040000043,2,0
34,34.000000000000000,5,128.305361069000014,4,0
35,35.000000000000000,0,1346.357251489999953,1,0
36,36.000000000000000,3,412.363696466000022,3,0
37,37.000000000000000,3,816.225701215999948,3,1
38,38.000000000000000,7,287.791284259999998,2,1
39,39.000000000000000,3,1702.452767739999899,3,0
40,40.000000000000000,8,486.008736247000002,4,0
41,41.000000000000000,3,1582.971453910000037,3,1
42,42.000000000000000,0,1411.630501780000031,1,1
43,43.000000000000000,2,2244.231559750000088,3,0
44,44.000000000000000,0,6086.779861760000131,1,0
45,45.000000000000000,5,996.187217228000009,4,1
46,46.000000000000000,8,5247.811282329999813,4,0
47,47.000000000000000,2,760.182982705999962,3,0
48,48.000000000000000,3,1543.408845059999976,3,0
49,49.000000000000000,8,1317.718541590000086,4,0
50,50.000000000000000,7,3279.894968810000137,2,0
51,51.000000000000000,7,78.004719909900004,2,0
52,52.000000000000000,2,1391.875556299999971,3,0
53,53.000000000000000,3,4419.491125429999556,3,1
54,54.000000000000000,4,2889.545406629999889,2,0
55,55.000000000000000,6,1901.954358799999909,4,1
56,56.000000000000000,8,412.801946772000008,4,0
57,57.000000000000000,2,874.580777503000036,3,0
58,58.000000000000000,6,1013.590153419999979,4,0
59,59.000000000000000,8,1177.402501499999971,4,0
60,60.000000000000000,3,3054.453467530000125,3,1
61,61.000000000000000,4,3170.146629639999901,2,0
62,62.000000000000000,4,2855.444071790000180,2,0
63,63.000000000000000,2,2242.584768669999903,3,0
64,64.000000000000000,8,2009.556826850000107,4,1
65,65.000000000000000,8,693.821796176000021,4,0
66,66.000000000000000,2,1252.194441280000092,3,0
67,67.000000000000000,7,4161.283836159999737,2,1
68,68.000000000000000,8,277.241040618000000,4,1
69,69.000000000000000,0,2119.529133909999928,1,1
70,70.000000000000000,3,1236.316336189999902,3,1
71,71.000000000000000,7,2504.380842409999786,2,0
72,72.000000000000000,0,264.020506866000005,1,0
73,73.000000000000000,7,1989.060565159999896,2,1
74,74.000000000000000,1,2668.123629900000196,3,1
75,75.000000000000000,5,246.270520244000011,4,1
76,76.000000000000000,2,88.016693419999996,3,0
77,77.000000000000000,8,1808.939521909999939,4,0
78,78.000000000000000,7,2344.500265059999947,2,0
79,79.000000000000000,8,881.677255134000006,4,0
80,80.000000000000000,8,282.683542020999994,4,1
81,81.000000000000000,8,139.308481160000014,4,0
82,82.000000000000000,3,2985.491140470000119,3,1
83,83.000000000000000,3,949.507869781999943,3,1
84,84.000000000000000,7,1804.098436020000008,2,1
85,85.000000000000000,8,1175.398434839999936,4,1
86,86.000000000000000,2,1379.132437060000029,3,0
87,87.000000000000000,2,471.328297852999981,3,0
88,88.000000000000000,4,1398.209038859999964,2,0
89,89.000000000000000,0,832.971928524999953,1,1
90,90.000000000000000,0,267.092113392999977,1,0
91,91.000000000000000,3,755.876013700000044,3,0
92,92.000000000000000,6,8903.741340779999518,4,1
93,93.000000000000000,2,2766.216030000000046,3,0
94,94.000000000000000,6,3144.581929620000210,4,0
95,95.000000000000000,0,210.979194056000011,1,0
96,96.000000000000000,6,458.756481937999979,4,0
97,97.000000000000000,3,747.620257405999951,3,0
98,98.000000000000000,3,3075.030920629999855,3,1
99,99.000000000000000,1,491.548375654999973,3,0
100,100.000000000000000,0,220.240501090000009,1,0
101,101.000000000000000,3,773.483434817999978,3,0
102,102.000000000000000,2,5359.859307570000055,3,0
103,103.000000000000000,0,2409.054940280000210,1,0
104,104.000000000000000,3,637.738996190999956,3,0
105,105.000000000000000,5,257.938147678000007,4,0
106,106.000000000000000,0,1624.714655120000089,1,0
107,107.000000000000000,2,674.581644397999980,3,0
108,108.000000000000000,8,869.309231842000031,4,1
109,109.000000000000000,4,1268.727357389999952,2,0
110,110.000000000000000,0,1942.242821360000107,1,0
111,111.000000000000000,6,624.078788778999979,4,0
112,112.000000000000000,8,584.734458091999954,4,0
113,113.000000000000000,6,1447.527653740000005,4,0
114,114.000000000000000,0,2593.487724789999902,1,0
115,115.000000000000000,3,2348.254362040000160,3,0
116,116.000000000000000,8,164.722759118999988,4,0
117,117.000000000000000,8,1189.470833979999952,4,0
118,118.000000000000000,4,269.664915134000012,2,0
119,119.000000000000000,7,2363.759018100000048,2,1
120,120.000000000000000,0,525.335656989999961,1,0
121,121.000000000000000,0,1266.351252319999958,1,0
122,122.000000000000000,7,6501.697934599999826,2,1
123,123.000000000000000,3,5036.842669339999702,3,0
124,124.000000000000000,3,3174.756972050000059,3,1
125,125.000000000000000,0,1223.333469720000039,1,1
126,126.000000000000000,1,1451.483017550000113,3,1
127,127.000000000000000,8,309.625553281000009,4,0
128,128.000000000000000,3,551.972036204000005,3,0
129,129.000000000000000,5,3087.121036810000078,4,0
130,130.000000000000000,1,734.135856172999979,3,0
131,131.000000000000000,0,471.746639161000019,1,0
132,132.000000000000000,7,3805.374392109999917,2,0
133,133.000000000000000,3,416.449081007000018,3,0
134,134.000000000000000,0,1496.889454520000072,1,0
135,135.000000000000000,3,2244.506130430000212,3,1
136,136.000000000000000,4,1712.020398749999913,2,1
137,137.000000000000000,2,2538.416927589999887,3,0
138,138.000000000000000,0,341.085785047999991,1,0
139,139.000000000000000,0,1696.366032330000053,1,1
140,140.000000000000000,0,3148.734251320000112,1,0
141,141.000000000000000,4,2117.051711489999889,2,1
142,142.000000000000000,1,1471.372799340000029,3,1
143,143.000000000000000,5,1243.335146440000017,4,0
144,144.000000000000000,3,1803.889768380000078,3,1
145,145.000000000000000,8,1328.070955129999902,4,0
146,146.000000000000000,1,1506.448898500000041,3,0
147,147.000000000000000,0,211.641638932999996,1,1
148,148.000000000000000,0,432.663938007000013,1,0
149,149.000000000000000,2,3370.613765909999984,3,1
150,150.000000000000000,2,1092.493098400000008,3,0
151,151.000000000000000,4,864.639768969999977,2,0
152,152.000000000000000,3,419.874631713999975,3,0
153,153.000000000000000,8,620.281199366000010,4,1
154,154.000000000000000,8,3415.722466449999956,4,0
155,155.000000000000000,0,393.995266425000011,1,0
156,156.000000000000000,4,1397.832454580000103,2,0
157,157.000000000000000,2,887.251042247999976,3,0
158,158.000000000000000,2,4172.398296270000174,3,0
159,159.000000000000000,2,113.807322968999998,3,0
160,160.000000000000000,2,826.217283560000055,3,0
161,161.000000000000000,6,863.279137740000010,4,0
162,162.000000000000000,7,310.738491694000004,2,1
163,163.000000000000000,2,2150.856044399999973,3,0
164,164.000000000000000,5,5925.320077200000014,4,0
165,165.000000000000000,7,822.203039218999947,2,0
166,166.000000000000000,8,2436.912240850000217,4,0
167,167.000000000000000,2,105.960766333999999,3,0
168,168.000000000000000,4,4247.402422379999734,2,0
169,169.000000000000000,0,1286.894861219999939,1,0
170,170.000000000000000,1,84.355016882699999,3,1
171,171.000000000000000,8,829.882642099999998,4,0
172,172.000000000000000,2,122.674359336999999,3,0
173,173.000000000000000,0,2332.590141879999919,1,1
174,174.000000000000000,1,7785.692686520000279,3,1
175,175.000000000000000,4,1865.858479640000041,2,1
176,176.000000000000000,4,189.740946218000005,2,0
177,177.000000000000000,8,3312.046329710000009,4,1
178,178.000000000000000,2,86.526898147200001,3,0
179,179.000000000000000,8,248.425117989999990,4,0
180,180.000000000000000,2,88.684807946800007,3,0
181,181.000000000000000,0,1362.604795620000004,1,0
182,182.000000000000000,2,412.397891952999998,3,0
183,183.000000000000000,5,1933.037983489999988,4,0
184,184.000000000000000,4,600.824761409999951,2,0
185,185.000000000000000,8,409.376623189999975,4,0
186,186.000000000000000,2,2771.279385370000000,3,0
187,187.000000000000000,3,3823.107616580000013,3,0
188,188.000000000000000,2,101.485632013000000,3,0
189,189.000000000000000,6,9.893481066490001,4,0
190,190.000000000000000,6,1846.414599530000032,4,0
191,191.000000000000000,2,3766.194831710000017,3,0
192,192.000000000000000,4,885.911548641999957,2,0
193,193.000000000000000,0,1753.727385339999955,1,0
194,194.000000000000000,3,786.467129907999947,3,0
195,195.000000000000000,3,3216.645121670000208,3,0
196,196.000000000000000,4,956.743668871999944,2,0
197,197.000000000000000,3,1708.814772810000022,3,0
198,198.000000000000000,4,1414.336358360000077,2,0
199,199.000000000000000,5,1000.912410349999959,4,1
200,200.000000000000000,8,312.527884002000008,4,0
201,201.000000000000000,6,5634.672374269999636,4,0
202,202.000000000000000,8,2502.444800990000203,4,0
203,203.000000000000000,6,625.761457650000011,4,0
204,204.000000000000000,2,137.559159725000001,3,0
205,205.000000000000000,4,246.509804446999993,2,0
206,206.000000000000000,8,84.100117797400003,4,1
207,207.000000000000000,3,143.266891926000000,3,0
208,208.000000000000000,2,1402.810427269999991,3,1
209,209.000000000000000,4,452.747890352000013,2,0
210,210.000000000000000,2,2021.002788770000052,3,0
211,211.000000000000000,7,2418.026518879999912,2,1
212,212.000000000000000,3,1697.554650490000085,3,0
213,213.000000000000000,4,1525.744313700000021,2,0
214,214.000000000000000,8,384.624362280000014,4,0
215,215.000000000000000,2,3461.333260339999924,3,0
216,216.000000000000000,0,2839.726244880000195,1,0
217,217.000000000000000,3,1775.966054660000054,3,0
218,218.000000000000000,6,655.057202892999953,4,0
219,219.000000000000000,3,1567.009822660000054,3,1
220,220.000000000000000,0,544.011686901999951,1,0
221,221.000000000000000,8,2517.302437819999795,4,0
222,222.000000000000000,8,2041.540522280000005,4,1
223,223.000000000000000,2,133.207608061000002,3,0
224,224.000000000000000,2,623.245924131000038,3,0
225,225.000000000000000,3,908.777540442000031,3,0
226,226.000000000000000,0,114.490611830000006,1,0
227,227.000000000000000,3,384.865298726999981,3,0
228,228.000000000000000,0,123.649906106000003,1,0
229,229.000000000000000,1,511.108259487999987,3,1
230,230.000000000000000,5,835.584980962000031,4,1
231,231.000000000000000,8,3879.472363089999817,4,1
232,232.000000000000000,0,1730.016025299999910,1,0
233,233.000000000000000,3,594.359918063000009,3,1
234,234.000000000000000,3,549.840892867999969,3,0
235,235.000000000000000,0,1308.869195830000081,1,0
236,236.000000000000000,2,2945.175533869999981,3,0
237,237.000000000000000,5,939.722653560000026,4,0
238,238.000000000000000,1,959.753161864000049,3,0
239,239.000000000000000,4,1676.686536570000044,2,0
240,240.000000000000000,2,1057.726372130000073,3,0
241,241.000000000000000,2,5213.176080420000289,3,0
242,242.000000000000000,1,1843.949719420000065,3,0
243,243.000000000000000,5,1794.568862029999991,4,0
244,244.000000000000000,7,242.777857694000005,2,0
245,245.000000000000000,3,1572.657638299999917,3,0
246,246.000000000000000,1,1241.449971750000032,3,1
247,247.000000000000000,1,1245.585559950000061,3,0
248,248.000000000000000,2,892.179465543999981,3,0
249,249.000000000000000,0,520.000960890999977,1,0
250,250.000000000000000,2,618.637321584999995,3,0
251,251.000000000000000,6,212.072768007999997,4,0
252,252.000000000000000,0,4113.489394969999921,1,0
253,253.000000000000000,2,4666.484792289999859,3,0
254,254.000000000000000,0,1314.917546169999923,1,0
255,255.000000000000000,0,1153.375654290000057,1,0
256,256.000000000000000,2,3384.944950730000073,3,0
257,257.000000000000000,2,74.905058568200005,3,0
258,258.000000000000000,3,968.844663190000006,3,0
259,259.000000000000000,1,5925.744459139999890,3,0
260,260.000000000000000,8,102.685302195000006,4,1
261,261.000000000000000,4,294.747246593999989,2,0
262,262.000000000000000,2,751.996988073000011,3,0
263,263.000000000000000,1,1113.262021250000089,3,0
264,264.000000000000000,7,478.275269932000015,2,1
265,265.000000000000000,8,844.415277768999999,4,0
266,266.000000000000000,3,1104.048057160000099,3,0
267,267.000000000000000,2,974.010203305999994,3,0
268,268.000000000000000,3,679.606966952999983,3,0
269,269.000000000000000,3,603.427004323999995,3,1
270,270.000000000000000,3,384.299944270000026,3,1
271,271.000000000000000,2,480.654068890000019,3,0
272,272.000000000000000,3,7148.262145179999607,3,1
273,273.000000000000000,0,188.612560105999989,1,0
274,274.000000000000000,8,1036.646217519999936,4,0
275,275.000000000000000,2,1735.807544620000044,3,1
276,276.000000000000000,0,1301.698889620000045,1,0
277,277.000000000000000,8,1361.687305700000024,4,0
278,278.000000000000000,1,1354.113785530000087,3,0
279,279.000000000000000,1,507.036054337999985,3,0
280,280.000000000000000,3,22.967893777000000,3,1
281,281.000000000000000,2,3388.815191159999813,3,0
282,282.000000000000000,0,179.199027889000007,1,0
283,283.000000000000000,1,2934.053607389999797,3,0
284,284.000000000000000,8,433.628272793999997,4,0
285,285.000000000000000,6,299.339980588999993,4,1
286,286.000000000000000,5,1837.774953899999900,4,0
287,287.000000000000000,1,2532.916321159999825,3,0
288,288.000000000000000,2,3577.878271009999935,3,1
289,289.000000000000000,3,1010.297894140000039,3,1
290,290.000000000000000,6,1332.861788220000108,4,0
291,291.000000000000000,3,5942.613393540000288,3,1
292,292.000000000000000,3,1915.581160669999917,3,0
293,293.000000000000000,0,960.120143961000053,1,0
294,294.000000000000000,7,5465.487094510000134,2,0
295,295.000000000000000,3,1154.936810780000087,3,0
296,296.000000000000000,8,3970.272045019999950,4,0
297,297.000000000000000,0,1798.018880670000044,1,0
298,298.000000000000000,1,254.347041896000007,3,0
299,299.000000000000000,0,510.808369074999973,1,0
300,300.000000000000000,5,1992.696244870000100,4,0
301,301.000000000000000,5,1321.449394299999994,4,0
302,302.000000000000000,8,1239.861162919999970,4,0
303,303.000000000000000,8,755.252858475000039,4,1
304,304.000000000000000,1,871.501270745000056,3,1
305,305.000000000000000,7,1422.059040710000090,2,0
306,306.000000000000000,4,506.353268275000005,2,0
307,307.000000000000000,0,1586.247932270000092,1,0
308,308.000000000000000,0,5055.665417209999760,1,1
309,309.000000000000000,2,1177.307819670000072,3,0
310,310.000000000000000,5,3820.583108910000192,4,1
311,311.000000000000000,4,389.839372201999993,2,0
312,312.000000000000000,5,1002.345722359999968,4,1
313,313.000000000000000,2,238.946909943000009,3,0
314,314.000000000000000,6,148.579488614000013,4,0
315,315.000000000000000,0,887.049066668000023,1,0
316,316.000000000000000,3,315.875251315000014,3,0
317,317.000000000000000,0,2871.058697999999822,1,0
318,318.000000000000000,1,1507.062013010000101,3,0
319,319.000000000000000,8,921.005513739999969,4,0
320,320.000000000000000,6,89.037835157299995,4,0
321,321.000000000000000,6,228.641613153999998,4,0
322,322.000000000000000,0,1870.063415139999961,1,0
323,323.000000000000000,4,4473.935884999999871,2,1
324,324.000000000000000,3,240.866997905000005,3,0
325,325.000000000000000,0,1044.700542499999983,1,1
326,326.000000000000000,0,680.209420016999957,1,1
327,327.000000000000000,3,138.268687671000009,3,0
328,328.000000000000000,8,1127.493166599999995,4,0
329,329.000000000000000,6,104.828711162999994,4,0
330,330.000000000000000,0,741.384981701000015,1,0
331,331.000000000000000,4,5040.113939830000163,2,0
332,332.000000000000000,8,1489.072450449999906,4,0
333,333.000000000000000,6,1298.666546819999894,4,0
334,334.000000000000000,8,997.181740680999951,4,0
335,335.000000000000000,1,2043.762395210000022,3,1
336,336.000000000000000,1,1075.087221450000015,3,0
337,337.000000000000000,6,689.847790036999982,4,0
338,338.000000000000000,3,894.786431206999964,3,1
339,339.000000000000000,4,134.579391347000012,2,0
340,340.000000000000000,7,74.684798751700001,2,0
341,341.000000000000000,5,321.600762749000012,4,0
342,342.000000000000000,3,845.844130621999966,3,0
343,343.000000000000000,8,1378.659213650000083,4,0
344,344.000000000000000,8,2297.821307090000118,4,0
345,345.000000000000000,2,829.808739121000031,3,1
346,346.000000000000000,1,816.818627691999950,3,0
347,347.000000000000000,3,2785.520044559999860,3,0
348,348.000000000000000,4,1183.618514170000026,2,0
349,349.000000000000000,3,3618.323725929999910,3,0
350,350.000000000000000,8,2824.710544949999985,4,1
351,351.000000000000000,6,1093.736475409999912,4,0
352,352.000000000000000,7,2722.571749799999907,2,1
353,353.000000000000000,3,852.151056315999995,3,0
354,354.000000000000000,0,280.684569942999985,1,0
355,355.000000000000000,8,901.898764747999962,4,0
356,356.000000000000000,5,2003.537921240000060,4,0
357,357.000000000000000,0,1240.423102299999982,1,1
358,358.000000000000000,8,1385.068640160000086,4,1
359,359.000000000000000,7,4041.560731699999906,2,1
360,360.000000000000000,6,1768.434157059999961,4,1
361,361.000000000000000,2,1276.878548720000026,3,0
362,362.000000000000000,4,3308.930541969999922,2,0
363,363.000000000000000,8,706.561814168999945,4,0
364,364.000000000000000,4,82.564396044500000,2,0
365,365.000000000000000,2,2131.724625729999843,3,0
366,366.000000000000000,8,3652.079786329999934,4,1
367,367.000000000000000,3,3726.298941359999844,3,1
368,368.000000000000000,5,5875.610287079999580,4,1
369,369.000000000000000,6,1952.066497239999990,4,1
370,370.000000000000000,3,625.430156158000045,3,0
371,371.000000000000000,1,2614.087856950000059,3,0
372,372.000000000000000,1,442.481910638999977,3,1
373,373.000000000000000,4,2006.652467970000089,2,0
374,374.000000000000000,7,2652.870748180000191,2,1
375,375.000000000000000,1,2818.236566550000134,3,0
376,376.000000000000000,3,1552.741128979999985,3,0
377,377.000000000000000,3,1035.803772160000108,3,0
378,378.000000000000000,3,112.675314628999999,3,0
379,379.000000000000000,2,388.746436935000020,3,0
380,380.000000000000000,2,3920.000730650000150,3,0
381,381.000000000000000,0,252.609051977999997,1,1
382,382.000000000000000,8,942.028910545000031,4,0
383,383.000000000000000,2,1439.711577609999949,3,0
384,384.000000000000000,0,1888.035918309999943,1,0
385,385.000000000000000,7,1413.615886799999998,2,1
386,386.000000000000000,1,653.991198380000014,3,0
387,387.000000000000000,8,97.519844382499997,4,0
388,388.000000000000000,8,1844.945408360000101,4,0
389,389.000000000000000,3,1130.324626979999948,3,0
390,390.000000000000000,0,263.445189061000008,1,0
391,391.000000000000000,3,125.163496140000007,3,0
392,392.000000000000000,5,569.565903345000038,4,0
393,393.000000000000000,3,667.367791424999950,3,0
394,394.000000000000000,4,1825.844744960000071,2,0
395,395.000000000000000,8,686.592919885000015,4,1
396,396.000000000000000,4,838.162043135999966,2,0
397,397.000000000000000,2,2265.238719080000010,3,1
398,398.000000000000000,6,1185.144757620000064,4,1
399,399.000000000000000,0,3155.666644500000075,1,0
400,400.000000000000000,6,1607.368947919999982,4,0
401,401.000000000000000,0,1662.656025629999931,1,0
402,402.000000000000000,3,447.901563066999984,3,0
403,403.000000000000000,7,3292.494238100000075,2,1
404,404.000000000000000,4,880.184961488999988,2,0
405,405.000000000000000,8,1299.965580430000045,4,1
406,406.000000000000000,8,579.400886061000051,4,0
407,407.000000000000000,0,1954.597176230000059,1,1
408,408.000000000000000,8,1782.988319880000063,4,1
409,409.000000000000000,8,2409.528994570000123,4,0
410,410.000000000000000,7,412.267914446000020,2,0
411,411.000000000000000,4,545.913830076999943,2,0
412,412.000000000000000,2,1505.840884640000013,3,1
413,413.000000000000000,3,1545.948429130000022,3,1
414,414.000000000000000,0,2028.990468830000054,1,0
415,415.000000000000000,3,1335.107874320000064,3,0
416,416.000000000000000,0,1398.761740169999939,1,0
417,417.000000000000000,3,1020.960962910000035,3,0
418,418.000000000000000,1,763.132551135999961,3,0
419,419.000000000000000,6,1347.972523579999915,4,0
420,420.000000000000000,2,159.885119338999999,3,0
421,421.000000000000000,8,2058.901527309999892,4,0
422,422.000000000000000,8,3021.496217490000163,4,0
423,423.000000000000000,0,1641.806143000000020,1,0
424,424.000000000000000,6,2822.232394550000208,4,0
425,425.000000000000000,8,1071.741008629999897,4,0
426,426.000000000000000,0,835.639565564000009,1,0
427,427.000000000000000,6,1180.504974980000043,4,0
428,428.000000000000000,7,3894.317939080000087,2,1
429,429.000000000000000,2,138.063427689999997,3,0
430,430.000000000000000,0,445.270096607000028,1,0
431,431.000000000000000,8,2814.364502779999839,4,0
432,432.000000000000000,2,2026.367840659999956,3,1
433,433.000000000000000,7,1150.482021110000005,2,1
434,434.000000000000000,1,176.729593752999989,3,1
435,435.000000000000000,4,2070.082647279999946,2,0
436,436.000000000000000,2,196.058445718999991,3,0
437,437.000000000000000,2,16.973816388900001,3,0
438,438.000000000000000,5,286.962490764999984,4,0
439,439.000000000000000,3,1895.602059040000086,3,1
440,440.000000000000000,2,425.467904486999998,3,0
441,441.000000000000000,3,818.792861843999958,3,1
442,442.000000000000000,8,2418.747975369999949,4,0
443,443.000000000000000,7,35.879291647899997,2,0
444,444.000000000000000,3,370.211779435999972,3,1
445,445.000000000000000,0,1875.736510429999953,1,0
446,446.000000000000000,2,1078.585436020000088,3,0
447,447.000000000000000,8,433.841310912999973,4,1
448,448.000000000000000,1,6944.705316980000134,3,1
449,449.000000000000000,1,371.310388446999980,3,0
450,450.000000000000000,2,936.060916644000031,3,0
451,451.000000000000000,2,1125.769683700000087,3,0
452,452.000000000000000,1,1026.296136380000007,3,0
453,453.000000000000000,0,1934.744185360000074,1,0
454,454.000000000000000,4,114.125255113999998,2,0
455,455.000000000000000,3,261.286810467999999,3,0
456,456.000000000000000,4,304.710737804000019,2,0
457,457.000000000000000,8,2488.575411769999846,4,0
458,458.000000000000000,0,1451.481774699999960,1,0
459,459.000000000000000,8,4343.899541419999878,4,1
460,460.000000000000000,8,1701.456200789999912,4,1
461,461.000000000000000,3,120.369641845000004,3,0
462,462.000000000000000,2,3360.774853360000179,3,1
463,463.000000000000000,7,458.539636029000008,2,0
464,464.000000000000000,0,46.909099014500001,1,0
465,465.000000000000000,0,1283.950768039999957,1,0
466,466.000000000000000,8,526.043231960999947,4,0
467,467.000000000000000,3,2092.301214609999988,3,0
468,468.000000000000000,6,1069.605925520000028,4,0
469,469.000000000000000,5,2109.577951750000011,4,0
470,470.000000000000000,3,231.090862850000008,3,0
471,471.000000000000000,3,2481.894580399999995,3,0
472,472.000000000000000,8,849.486104443000045,4,0
473,473.000000000000000,8,136.230004127999990,4,0
474,474.000000000000000,0,4390.997572809999838,1,0
475,475.000000000000000,2,336.416101788999981,3,0
476,476.000000000000000,0,2935.530447590000222,1,1
477,477.000000000000000,8,889.462061233999975,4,0
478,478.000000000000000,0,971.763921581999966,1,1
479,479.000000000000000,2,108.136786289000000,3,0
480,480.000000000000000,4,690.276941480999994,2,0
481,481.000000000000000,4,2291.266005330000098,2,0
482,482.000000000000000,0,1436.477114329999949,1,0
483,483.000000000000000,8,380.748106488000019,4,0
484,484.000000000000000,1,4305.778534559999571,3,0
485,485.000000000000000,0,2437.442596129999856,1,0
486,486.000000000000000,2,1138.629967780000015,3,1
487,487.000000000000000,7,3773.577311579999787,2,1
488,488.000000000000000,6,1079.115680440000006,4,0
489,489.000000000000000,0,1684.318801099999973,1,0
490,490.000000000000000,6,3147.052433819999806,4,0
491,491.000000000000000,3,304.094193605999976,3,0
492,492.000000000000000,8,1224.882798200000025,4,0
493,493.000000000000000,1,706.647377774000006,3,0
494,494.000000000000000,3,378.045621975000017,3,0
495,495.000000000000000,4,5100.009430179999981,2,0
496,496.000000000000000,8,1979.857731049999984,4,1
497,497.000000000000000,1,313.680388044999972,3,0
498,498.000000000000000,0,3051.702008440000100,1,0
499,499.000000000000000,2,7.258870515610000,3,0
500,500.000000000000000,3,1800.084037240000043,3,1
501,501.000000000000000,3,219.055258009999989,3,1
502,502.000000000000000,6,23.711695824300001,4,0
503,503.000000000000000,0,1243.167148020000013,1,0
504,504.000000000000000,4,220.847425568000006,2,0
505,505.000000000000000,5,37.180688207199999,4,0
506,506.000000000000000,3,2652.971480050000082,3,1
507,507.000000000000000,4,1708.603569500000049,2,0
508,508.000000000000000,2,740.306755393999993,3,0
509,509.000000000000000,3,50.023733190199998,3,0
510,510.000000000000000,2,2030.239027630000010,3,0
511,511.000000000000000,1,560.456748933999961,3,1
512,512.000000000000000,3,1152.138814169999932,3,0
513,513.000000000000000,0,679.060743702999957,1,0
514,514.000000000000000,3,754.034440412999970,3,0
515,515.000000000000000,4,1014.970179809999991,2,0
516,516.000000000000000,0,359.114839804999974,1,0
517,517.000000000000000,5,680.326148156000045,4,0
518,518.000000000000000,8,32.676867205299999,4,0
519,519.000000000000000,1,11.875719341700000,3,0
520,520.000000000000000,2,9806.326626669999314,3,1
521,521.000000000000000,0,124.744671952000004,1,0
522,522.000000000000000,8,9.605445410640000,4,0
523,523.000000000000000,7,780.914950513000008,2,1
524,524.000000000000000,8,404.217102628000021,4,0
525,525.000000000000000,8,1472.174020780000092,4,0
526,526.000000000000000,3,64.653968985600002,3,0
527,527.000000000000000,6,107.061477006000004,4,0
528,528.000000000000000,7,589.387506197999983,2,0
529,529.000000000000000,3,440.724415976999978,3,0
530,530.000000000000000,4,89.550398668599996,2,0
531,531.000000000000000,3,3231.253380619999916,3,1
532,532.000000000000000,1,993.944721393999998,3,0
533,533.000000000000000,0,2431.099405209999986,1,0
534,534.000000000000000,8,664.858341659999951,4,0
535,535.000000000000000,3,96.682125012699998,3,0
536,536.000000000000000,3,1367.726154729999962,3,0
537,537.000000000000000,3,676.060081585000034,3,1
538,538.000000000000000,5,3976.949479670000073,4,1
539,539.000000000000000,2,225.159786252999993,3,0
540,540.000000000000000,5,120.008383840999997,4,0
541,541.000000000000000,6,1403.783002709999892,4,0
542,542.000000000000000,0,2545.894704790000105,1,1
543,543.000000000000000,0,977.434514124999964,1,0
544,544.000000000000000,8,2808.508930550000059,4,0
545,545.000000000000000,7,1806.741017439999951,2,1
546,546.000000000000000,0,1834.373389260000067,1,0
547,547.000000000000000,3,1407.385088889999906,3,0
548,548.000000000000000,0,90.201402676000001,1,0
549,549.000000000000000,3,445.055115173999980,3,0
550,550.000000000000000,6,1070.108440559999963,4,0
551,551.000000000000000,5,236.021577495000003,4,0
552,552.000000000000000,8,103.451659108000001,4,0
553,553.000000000000000,3,4368.493416950000210,3,1
554,554.000000000000000,3,776.146759126999996,3,0
555,555.000000000000000,8,578.083558012000026,4,0
556,556.000000000000000,2,58.859796502400002,3,0
557,557.000000000000000,3,2329.010389529999884,3,1
558,558.000000000000000,4,8.686200427219999,2,0
559,559.000000000000000,3,1758.711950290000004,3,1
560,560.000000000000000,8,233.329267578000014,4,0
561,561.000000000000000,6,630.193582518999960,4,0
562,562.000000000000000,0,1134.685992129999931,1,0
563,563.000000000000000,3,19.363636077900001,3,1
564,564.000000000000000,7,241.062280904000005,2,0
565,565.000000000000000,5,277.882204762000015,4,1
566,566.000000000000000,3,4263.662537260000136,3,0
567,567.000000000000000,6,1133.478816759999972,4,1
568,568.000000000000000,3,393.732630146000020,3,0
569,569.000000000000000,8,550.361423056000035,4,1
570,570.000000000000000,5,739.925284873999999,4,1
571,571.000000000000000,3,42.772604161499999,3,0
572,572.000000000000000,2,360.927247357999988,3,0
573,573.000000000000000,0,284.970263916000022,1,0
574,574.000000000000000,8,1211.438036909999937,4,1
575,575.000000000000000,5,293.582045312999981,4,0
576,576.000000000000000,0,99.892406988100007,1,0
577,577.000000000000000,4,1092.087473229999887,2,0
578,578.000000000000000,3,30.752839108700002,3,0
579,579.000000000000000,3,102.832461507000005,3,1
580,580.000000000000000,0,1243.596455030000016,1,0
581,581.000000000000000,3,707.673652167999990,3,0
582,582.000000000000000,8,445.648779606000005,4,0
583,583.000000000000000,0,3392.142580809999799,1,1
584,584.000000000000000,0,1512.851031930000090,1,0
585,585.000000000000000,3,541.814341224000032,3,0
586,586.000000000000000,3,3625.026469630000065,3,1
587,587.000000000000000,2,1147.578617950000080,3,0
588,588.000000000000000,5,3356.827065599999969,4,0
589,589.000000000000000,7,411.974832569999990,2,1
590,590.000000000000000,4,162.059755096000004,2,0
591,591.000000000000000,5,2073.264281530000062,4,0
592,592.000000000000000,2,833.251105278999944,3,0
593,593.000000000000000,5,96.260314864999998,4,0
594,594.000000000000000,5,225.915734402999988,4,0
595,595.000000000000000,0,6257.360546140000224,1,0
596,596.000000000000000,0,674.422287996000023,1,0
597,597.000000000000000,0,2390.639573380000002,1,0
598,598.000000000000000,3,69.435531668099998,3,0
599,599.000000000000000,8,327.614260453999975,4,0
600,600.000000000000000,3,1358.823788550000017,3,1
601,601.000000000000000,8,1701.123247159999892,4,0
602,602.000000000000000,4,2427.466246190000220,2,0
603,603.000000000000000,8,112.177963155000000,4,1
604,604.000000000000000,0,1504.280440869999893,1,0
605,605.000000000000000,0,488.566738922000013,1,0
606,606.000000000000000,8,3492.739574610000091,4,0
607,607.000000000000000,7,113.007677391000001,2,0
608,608.000000000000000,5,324.627250490999984,4,0
609,609.000000000000000,8,870.724284692999959,4,0
610,610.000000000000000,7,1042.170028190000039,2,1
611,611.000000000000000,8,437.185636122000005,4,1
612,612.000000000000000,0,7023.427557600000000,1,1
613,613.000000000000000,0,151.417460651999988,1,0
614,614.000000000000000,3,264.740491956000028,3,0
615,615.000000000000000,4,4267.066678359999969,2,1
616,616.000000000000000,7,2444.168769710000106,2,0
617,617.000000000000000,6,515.471007319000023,4,0
618,618.000000000000000,5,52.997851475300003,4,0
619,619.000000000000000,2,1566.141358670000045,3,0
620,620.000000000000000,4,2977.101342280000154,2,0
621,621.000000000000000,4,383.291140993999988,2,0
622,622.000000000000000,7,86.315774708000006,2,1
623,623.000000000000000,0,1250.851148100000046,1,0
624,624.000000000000000,1,444.705569419000028,3,0
625,625.000000000000000,3,16.754449849699999,3,0
626,626.000000000000000,8,1797.510974069999975,4,0
627,627.000000000000000,4,30.766143161700001,2,0
628,628.000000000000000,7,709.911366847999943,2,0
629,629.000000000000000,8,1222.295498480000106,4,0
630,630.000000000000000,6,129.708284504999995,4,0
631,631.000000000000000,6,370.509699839000007,4,0
632,632.000000000000000,2,359.708255619999989,3,0
633,633.000000000000000,8,79.243513377699998,4,1
634,634.000000000000000,8,246.756354805000001,4,0
635,635.000000000000000,7,1643.041663140000082,2,1
636,636.000000000000000,1,1998.197802800000090,3,1
637,637.000000000000000,0,2477.875079269999787,1,1
638,638.000000000000000,3,545.156704354999988,3,0
639,639.000000000000000,4,2105.554258690000097,2,0
640,640.000000000000000,0,84.326699274899994,1,0
641,641.000000000000000,8,1129.045521190000045,4,0
642,642.000000000000000,4,275.922139456000025,2,0
643,643.000000000000000,4,204.920594142999988,2,0
644,644.000000000000000,0,301.055341001999977,1,0
645,645.000000000000000,0,87.145716207000007,1,0
646,646.000000000000000,2,8103.685365540000021,3,0
647,647.000000000000000,8,4353.629260790000444,4,1
648,648.000000000000000,8,881.867948437999985,4,0
649,649.000000000000000,2,370.632531518000008,3,0
650,650.000000000000000,3,2529.784504870000092,3,0
651,651.000000000000000,8,38.888157372499997,4,0
652,652.000000000000000,4,4101.825390050000351,2,0
653,653.000000000000000,7,2255.429204399999890,2,1
654,654.000000000000000,6,8.792424594350001,4,0
655,655.000000000000000,4,3323.392774200000076,2,0
656,656.000000000000000,2,76.961926683499996,3,0
657,657.000000000000000,3,2946.739698079999926,3,0
658,658.000000000000000,8,84.822246105199994,4,0
659,659.000000000000000,1,306.768854031999979,3,0
660,660.000000000000000,4,1398.225712149999936,2,0
661,661.000000000000000,5,2189.642405869999948,4,1
662,662.000000000000000,4,2380.453206239999872,2,1
663,663.000000000000000,2,1244.816528540000036,3,0
664,664.000000000000000,0,3.710057146070000,1,0
665,665.000000000000000,0,36.121957252400001,1,0
666,666.000000000000000,4,559.344474591999983,2,0
667,667.000000000000000,8,114.532610134999999,4,0
668,668.000000000000000,0,675.452390738999952,1,0
669,669.000000000000000,4,152.783971162999990,2,0
670,670.000000000000000,3,2623.849639569999908,3,1
671,671.000000000000000,8,2044.636007029999973,4,1
672,672.000000000000000,3,144.771269044000007,3,0
673,673.000000000000000,5,170.824512507000009,4,0
674,674.000000000000000,6,2019.561183269999901,4,1
675,675.000000000000000,7,439.663907919999986,2,1
676,676.000000000000000,0,176.567722264999986,1,1
677,677.000000000000000,3,1093.843407340000113,3,1
678,678.000000000000000,4,1567.756713389999959,2,1
679,679.000000000000000,0,2697.653115479999997,1,1
680,680.000000000000000,6,9.967997326980001,4,0
681,681.000000000000000,8,3521.858636580000166,4,1
682,682.000000000000000,3,17.546806189100000,3,0
683,683.000000000000000,3,112.267746892000005,3,0
684,684.000000000000000,0,691.059533569999985,1,0
685,685.000000000000000,8,1106.131574199999932,4,0
686,686.000000000000000,1,314.418132759000002,3,0
687,687.000000000000000,4,89.183506743500004,2,0
688,688.000000000000000,3,74.110569408299995,3,0
689,689.000000000000000,2,5266.610435790000338,3,0
690,690.000000000000000,8,2573.572231869999996,4,1
691,691.000000000000000,2,21.831237235700002,3,0
692,692.000000000000000,8,290.098036725999975,4,0
693,693.000000000000000,3,1594.078933669999969,3,0
694,694.000000000000000,8,58.667990428499998,4,0
695,695.000000000000000,3,1104.230230310000024,3,1
696,696.000000000000000,6,1432.206630409999889,4,0
697,697.000000000000000,1,106.989061805999995,3,0
698,698.000000000000000,4,279.993854612000007,2,0
699,699.000000000000000,4,136.941595917999990,2,0
700,700.000000000000000,8,1046.184366649999902,4,0
701,701.000000000000000,2,102.154281561000005,3,0
702,702.000000000000000,5,9.079274212060000,4,1
703,703.000000000000000,0,66.807198382300001,1,0
704,704.000000000000000,2,1551.545854160000090,3,0
705,705.000000000000000,8,4.113022374370000,4,0
706,706.000000000000000,4,326.618590332999986,2,0
707,707.000000000000000,6,1289.138810789999980,4,0
708,708.000000000000000,4,1112.064080979999972,2,1
709,709.000000000000000,4,95.817751102800003,2,0
710,710.000000000000000,3,13.492786135399999,3,0
711,711.000000000000000,6,838.774460511000029,4,0
712,712.000000000000000,5,1545.879996469999924,4,1
713,713.000000000000000,8,315.168571890999999,4,0
714,714.000000000000000,3,2721.064328450000176,3,1
715,715.000000000000000,6,69.983553662099993,4,0
716,716.000000000000000,0,28.788096003800000,1,0
717,717.000000000000000,3,172.368583981999990,3,1
718,718.000000000000000,3,150.943559402000005,3,0
719,719.000000000000000,7,9.674860723629999,2,0
720,720.000000000000000,6,1787.617018789999975,4,0
721,721.000000000000000,6,64.142419132200004,4,0
722,722.000000000000000,3,1528.105165610000086,3,1
723,723.000000000000000,5,74.804814211099995,4,0
724,724.000000000000000,0,84.662377755700007,1,0
725,725.000000000000000,8,2736.520879119999790,4,0
726,726.000000000000000,4,9.808281027900000,2,0
727,727.000000000000000,8,172.050244072999988,4,0
728,728.000000000000000,8,2322.302580130000024,4,1
729,729.000000000000000,0,714.459456096000054,1,0
730,730.000000000000000,0,770.781806805999963,1,0
731,731.000000000000000,0,1744.065060390000099,1,0
732,732.000000000000000,2,1110.138834809999935,3,0
733,733.000000000000000,8,613.324128499000039,4,0
734,734.000000000000000,7,150.752668349999993,2,0
735,735.000000000000000,8,708.703349942000045,4,0
736,736.000000000000000,8,1605.303632749999906,4,1
737,737.000000000000000,8,1998.443304690000105,4,0
738,738.000000000000000,0,663.643055475999972,1,0
739,739.000000000000000,3,2526.867726160000075,3,0
740,740.000000000000000,5,39.946437269599997,4,0
741,741.000000000000000,0,292.454706894000026,1,0
742,742.000000000000000,0,25.580389111700001,1,0
743,743.000000000000000,7,1087.467545660000042,2,1
744,744.000000000000000,1,110.216201583000000,3,0
745,745.000000000000000,0,84.911369302599994,1,0
746,746.000000000000000,4,8.962542632200000,2,0
747,747.000000000000000,3,551.032438477000028,3,0
748,748.000000000000000,8,637.910279498000023,4,0
749,749.000000000000000,5,0.090097057761700,4,0
750,750.000000000000000,4,1207.607522569999901,2,1
751,751.000000000000000,7,109.351941139000004,2,1
752,752.000000000000000,1,302.201272963999998,3,0
753,753.000000000000000,2,3220.696931160000076,3,0
754,754.000000000000000,5,1036.965960519999953,4,0
755,755.000000000000000,7,1348.189678590000085,2,1
756,756.000000000000000,5,1710.196651290000091,4,0
757,757.000000000000000,8,47.094637594500000,4,0
758,758.000000000000000,6,244.092259027000011,4,0
759,759.000000000000000,3,119.007180657000006,3,0
760,760.000000000000000,1,207.622912286999991,3,0
761,761.000000000000000,6,373.461345548999986,4,0
762,762.000000000000000,5,96.910157918199999,4,0
763,763.000000000000000,3,926.870319088999963,3,1
764,764.000000000000000,3,23.590062449900000,3,0
765,765.000000000000000,4,16.323451050700001,2,0
766,766.000000000000000,2,2021.599169150000080,3,0
767,767.000000000000000,4,85.560047721900006,2,0
768,768.000000000000000,8,466.243520897999986,4,0
769,769.000000000000000,2,61.444231995700001,3,0
770,770.000000000000000,1,41.106536669999997,3,0
771,771.000000000000000,8,116.392305629999996,4,1
772,772.000000000000000,3,514.037834125000018,3,0
773,773.000000000000000,3,291.798622707999982,3,0
774,774.000000000000000,8,1405.047392929999887,4,1
775,775.000000000000000,8,24.150710380000000,4,1
776,776.000000000000000,3,2262.978768970000147,3,0
777,777.000000000000000,1,1341.385268969999970,3,0
778,778.000000000000000,3,85.635190388500007,3,0
779,779.000000000000000,2,967.518076511999993,3,0
780,780.000000000000000,8,15.046835346100000,4,0
781,781.000000000000000,0,125.916521824000000,1,1
782,782.000000000000000,8,8.217090761480000,4,0
783,783.000000000000000,4,34.644936727100003,2,0
784,784.000000000000000,6,22.698304115599999,4,0
785,785.000000000000000,2,783.456364852999968,3,0
786,786.000000000000000,5,1353.032905040000060,4,0
787,787.000000000000000,8,703.772785081000052,4,0
788,788.000000000000000,8,17.529763939399999,4,1
789,789.000000000000000,0,413.910454985000001,1,0
790,790.000000000000000,0,648.443194380000023,1,0
791,791.000000000000000,3,322.203619339999989,3,0
792,792.000000000000000,6,317.364331753999977,4,0
793,793.000000000000000,6,54.118881730900000,4,0
794,794.000000000000000,3,41.327093233100001,3,0
795,795.000000000000000,6,268.455626013000028,4,0
796,796.000000000000000,2,20.634464582700002,3,0
797,797.000000000000000,4,152.392698362999994,2,0
798,798.000000000000000,0,447.061672346000023,1,0
799,799.000000000000000,5,806.059040224999990,4,1
800,800.000000000000000,3,163.289167319999990,3,0
801,801.000000000000000,7,275.210484231999999,2,1
802,802.000000000000000,8,616.630548022999960,4,0
803,803.000000000000000,3,13.214642357700001,3,0
804,804.000000000000000,2,359.578364663999992,3,0
805,805.000000000000000,8,153.871015354999997,4,0
806,806.000000000000000,0,717.189239946000043,1,0
807,807.000000000000000,7,1515.082716240000082,2,1
808,808.000000000000000,4,1820.657040399999914,2,1
809,809.000000000000000,0,1348.914659990000018,1,0
810,810.000000000000000,8,2143.992210849999992,4,0
811,811.000000000000000,4,850.543627320000041,2,0
812,812.000000000000000,2,1687.613971570000103,3,0
813,813.000000000000000,2,438.300890437000021,3,0
814,814.000000000000000,4,2800.009577679999893,2,0
815,815.000000000000000,2,435.172460469999976,3,0
816,816.000000000000000,4,93.498615537500001,2,0
817,817.000000000000000,0,1557.108353710000074,1,0
818,818.000000000000000,1,1533.294507880000083,3,1
819,819.000000000000000,1,376.391141552000022,3,1
820,820.000000000000000,1,51.426842094800001,3,0
821,821.000000000000000,3,1389.250979099999995,3,1
822,822.000000000000000,3,212.493477261999999,3,0
823,823.000000000000000,7,106.829685194000007,2,0
824,824.000000000000000,7,1812.897031160000097,2,1
825,825.000000000000000,3,269.533047495000005,3,1
826,826.000000000000000,8,1553.540670500000033,4,1
827,827.000000000000000,1,213.069845442999991,3,0
828,828.000000000000000,0,8.790237132240000,1,0
829,829.000000000000000,0,6.681592079770000,1,0
830,830.000000000000000,4,2229.264282759999787,2,0
831,831.000000000000000,8,453.794697817999975,4,1
832,832.000000000000000,4,239.191085246999990,2,0
833,833.000000000000000,0,84.544492842599993,1,0
834,834.000000000000000,1,285.347747654999978,3,0
835,835.000000000000000,2,985.451417592999974,3,0
836,836.000000000000000,4,498.017509481999980,2,0
837,837.000000000000000,3,567.391442168000026,3,0
838,838.000000000000000,3,107.440872381000005,3,1
839,839.000000000000000,3,682.795398677999970,3,0
840,840.000000000000000,6,137.767871622000001,4,0
841,841.000000000000000,2,120.940854447999996,3,0
842,842.000000000000000,2,330.046552393000013,3,0
843,843.000000000000000,8,940.202403926999978,4,0
844,844.000000000000000,7,1288.640623999999889,2,1
845,845.000000000000000,4,1063.867721320000101,2,0
846,846.000000000000000,8,372.397029486999998,4,0
847,847.000000000000000,8,396.787884330999987,4,0
848,848.000000000000000,4,2598.314797219999946,2,1
849,849.000000000000000,8,1958.544609529999889,4,1
850,850.000000000000000,3,1717.950717810000015,3,1
851,851.000000000000000,0,670.085820893999994,1,1
852,852.000000000000000,8,432.053514591000010,4,0
853,853.000000000000000,8,177.774409894000001,4,1
854,854.000000000000000,8,13.934684952100000,4,1
855,855.000000000000000,7,1868.845059369999944,2,0
856,856.000000000000000,8,3012.862756739999895,4,0
857,857.000000000000000,0,929.953751398000009,1,1
858,858.000000000000000,0,109.494282639999994,1,0
859,859.000000000000000,0,112.195466805999999,1,0
860,860.000000000000000,3,21.816856346100000,3,0
861,861.000000000000000,0,2801.415881400000217,1,1
862,862.000000000000000,5,210.740875124000013,4,0
863,863.000000000000000,3,11.454960691300000,3,0
864,864.000000000000000,2,208.050895056000002,3,0
865,865.000000000000000,6,589.607882998000036,4,0
866,866.000000000000000,3,44.826235032100001,3,0
867,867.000000000000000,4,520.803986453999983,2,0
868,868.000000000000000,2,268.550527696000017,3,0
869,869.000000000000000,7,1883.181043690000024,2,0
870,870.000000000000000,0,644.688476914000034,1,0
871,871.000000000000000,4,60.525150369499997,2,0
872,872.000000000000000,8,131.155741086999996,4,0
873,873.000000000000000,0,6.434610495370000,1,0
874,874.000000000000000,4,7.304706115450000,2,0
875,875.000000000000000,0,126.984181293999995,1,0
876,876.000000000000000,7,612.358202217999974,2,1
877,877.000000000000000,3,11.607065751900000,3,1
878,878.000000000000000,8,128.237571422000002,4,0
879,879.000000000000000,1,186.530289710999995,3,0
880,880.000000000000000,8,198.982898269000003,4,0
881,881.000000000000000,5,95.353991002499995,4,0
882,882.000000000000000,0,412.816365658999985,1,0
883,883.000000000000000,6,41.359906820600003,4,0
884,884.000000000000000,0,171.742657006000002,1,0
885,885.000000000000000,6,35.807305556000003,4,1
886,886.000000000000000,0,49.485869435399998,1,0
887,887.000000000000000,3,168.888461438000007,3,0
888,888.000000000000000,3,6.797494301060000,3,0
889,889.000000000000000,2,107.707261982999995,3,0
890,890.000000000000000,8,708.101746211999966,4,0
891,891.000000000000000,0,28.986663842599999,1,0
892,892.000000000000000,3,425.892485355000019,3,1
893,893.000000000000000,2,507.867673747000026,3,0
894,894.000000000000000,3,1953.114792710000074,3,1
895,895.000000000000000,1,9.128830824340000,3,0
896,896.000000000000000,7,318.069534191999992,2,0
897,897.000000000000000,5,237.973106919999992,4,1
898,898.000000000000000,8,916.015075103999948,4,0
899,899.000000000000000,6,359.664249274999975,4,0
900,900.000000000000000,1,501.391205408000019,3,0
901,901.000000000000000,2,383.867649958000015,3,0
902,902.000000000000000,2,1305.932062180000003,3,0
903,903.000000000000000,8,9.993510185110001,4,0
904,904.000000000000000,5,113.309744733000002,4,0
905,905.000000000000000,8,393.921265543999993,4,0
906,906.000000000000000,0,1819.736149520000026,1,0
907,907.000000000000000,2,2271.706985010000153,3,0
908,908.000000000000000,0,373.036054120000017,1,0
909,909.000000000000000,3,1771.213057070000104,3,0
910,910.000000000000000,0,326.536140730999989,1,0
911,911.000000000000000,8,15.960042152400000,4,0
912,912.000000000000000,6,13.411856279500000,4,0
913,913.000000000000000,0,109.707561307000006,1,0
914,914.000000000000000,4,544.337174752999999,2,0
915,915.000000000000000,5,750.704810605000034,4,0
916,916.000000000000000,5,462.466861076999976,4,0
917,917.000000000000000,8,354.751423450999994,4,0
918,918.000000000000000,8,148.337215842999996,4,0
919,919.000000000000000,7,99.050257551800001,2,1
920,920.000000000000000,1,96.781641193100000,3,0
921,921.000000000000000,3,825.213263127999994,3,0
922,922.000000000000000,8,27.713811094899999,4,0
923,923.000000000000000,3,366.732914597999979,3,0
924,924.000000000000000,0,604.787467455999945,1,0
925,925.000000000000000,3,576.884796621999953,3,0
926,926.000000000000000,1,1115.561262689999921,3,1
927,927.000000000000000,1,22.536470146599999,3,0
928,928.000000000000000,5,137.460515517999994,4,0
929,929.000000000000000,3,87.197445969499995,3,0
930,930.000000000000000,3,835.850533126999949,3,0
931,931.000000000000000,6,227.210216081999988,4,0
932,932.000000000000000,7,395.279895490999991,2,1
933,933.000000000000000,8,17.956668113100001,4,0
934,934.000000000000000,3,14.507461532600001,3,0
935,935.000000000000000,0,28.680267670500001,1,0
936,936.000000000000000,7,1822.181953269999894,2,1
937,937.000000000000000,4,459.279260417999978,2,0
938,938.000000000000000,4,155.693009982000007,2,0
939,939.000000000000000,5,150.177712987999996,4,0
940,940.000000000000000,3,16.942885046499999,3,0
941,941.000000000000000,1,124.749810354000005,3,0
942,942.000000000000000,8,323.488354017000006,4,0
943,943.000000000000000,6,6.545635534890000,4,0
944,944.000000000000000,1,4715.384575639999639,3,1
945,945.000000000000000,8,582.503121827999962,4,0
946,946.000000000000000,8,126.708897841999999,4,0
947,947.000000000000000,0,355.981387067000014,1,1
948,948.000000000000000,3,610.477392013999975,3,0
949,949.000000000000000,3,19.465965471899999,3,0
950,950.000000000000000,2,425.783942280000019,3,0
951,951.000000000000000,1,1015.682584379999980,3,0
952,952.000000000000000,5,11.638212515699999,4,0
953,953.000000000000000,6,17.924350839300001,4,0
954,954.000000000000000,8,30.854661975500001,4,1
955,955.000000000000000,2,873.131334039999956,3,0
956,956.000000000000000,8,15.598922083800000,4,0
957,957.000000000000000,8,872.706049294999957,4,0
958,958.000000000000000,8,15.341646479900000,4,0
959,959.000000000000000,3,78.158507930499994,3,0
960,960.000000000000000,0,42.403237732699999,1,0
961,961.000000000000000,4,13.277471020300000,2,0
962,962.000000000000000,1,837.539944386000002,3,0
963,963.000000000000000,4,16.701925872000000,2,0
964,964.000000000000000,7,316.906116209999993,2,0
965,965.000000000000000,0,1782.403435050000098,1,0
966,966.000000000000000,8,688.695416622000039,4,0
967,967.000000000000000,7,356.796374749999984,2,0
968,968.000000000000000,0,522.408327263000047,1,0
969,969.000000000000000,4,2667.212728819999938,2,0
970,970.000000000000000,3,21.681507829200001,3,0
971,971.000000000000000,0,44.687665752000001,1,0
972,972.000000000000000,2,95.119647790900004,3,0
973,973.000000000000000,3,502.142017055999986,3,0
974,974.000000000000000,3,1722.719747549999965,3,0
975,975.000000000000000,3,4.993761425970000,3,0
976,976.000000000000000,4,29.171899130700002,2,0
977,977.000000000000000,2,80.504515374999997,3,0
978,978.000000000000000,8,9.499574924490000,4,0
979,979.000000000000000,1,6.898010327290000,3,0
980,980.000000000000000,8,105.389645469000001,4,0
981,981.000000000000000,7,1627.248645140000008,2,1
982,982.000000000000000,0,654.834575348000044,1,0
983,983.000000000000000,8,263.799649359000000,4,1
984,984.000000000000000,8,17.191171276599999,4,0
985,985.000000000000000,8,409.195954484000026,4,0
986,986.000000000000000,4,913.346009400999947,2,0
987,987.000000000000000,8,186.072074105000013,4,0
988,988.000000000000000,0,498.164039602999992,1,0
989,989.000000000000000,3,16.421213781799999,3,0
990,990.000000000000000,0,7.309849488030000,1,0
991,991.000000000000000,4,47.006882109999999,2,0
992,992.000000000000000,3,1192.647644729999911,3,1
993,993.000000000000000,2,6.600928838720000,3,0
994,994.000000000000000,3,1095.246665500000063,3,0
995,995.000000000000000,5,543.516260788999944,4,0
996,996.000000000000000,6,648.363941652999983,4,0
997,997.000000000000000,0,17.639222626700001,1,0
998,998.000000000000000,0,1494.830773559999898,1,0
999,999.000000000000000,2,27.181355413199999,3,0